pvarname,evarname,n,e_table_name,p_table_name
CFDDS,DR1TACAR,1457,DR1TOT_H,CFQ_H
CFDDS,DR1TALCO,1457,DR1TOT_H,CFQ_H
CFDDS,DR1TATOA,1457,DR1TOT_H,CFQ_H
CFDDS,DR1TATOC,1457,DR1TOT_H,CFQ_H
CFDDS,DR1TB12A,1457,DR1TOT_H,CFQ_H
CFDDS,DR1TBCAR,1457,DR1TOT_H,CFQ_H
CFDDS,DR1TCAFF,1457,DR1TOT_H,CFQ_H
CFDDS,DR1TCALC,1457,DR1TOT_H,CFQ_H
CFDDS,DR1TCARB,1457,DR1TOT_H,CFQ_H
CFDDS,DR1TCHOL,1457,DR1TOT_H,CFQ_H
CFDDS,DR1TCOPP,1457,DR1TOT_H,CFQ_H
CFDDS,DR1TCRYP,1457,DR1TOT_H,CFQ_H
CFDDS,DR1TFA,1457,DR1TOT_H,CFQ_H
CFDDS,DR1TFDFE,1457,DR1TOT_H,CFQ_H
CFDDS,DR1TFF,1457,DR1TOT_H,CFQ_H
CFDDS,DR1TFIBE,1457,DR1TOT_H,CFQ_H
CFDDS,DR1TFOLA,1457,DR1TOT_H,CFQ_H
CFDDS,DR1TIRON,1457,DR1TOT_H,CFQ_H
CFDDS,DR1TKCAL,1457,DR1TOT_H,CFQ_H
CFDDS,DR1TLYCO,1457,DR1TOT_H,CFQ_H
CFDDS,DR1TLZ,1457,DR1TOT_H,CFQ_H
CFDDS,DR1TM161,1457,DR1TOT_H,CFQ_H
CFDDS,DR1TM181,1457,DR1TOT_H,CFQ_H
CFDDS,DR1TM201,1457,DR1TOT_H,CFQ_H
CFDDS,DR1TM221,1457,DR1TOT_H,CFQ_H
CFDDS,DR1TMAGN,1457,DR1TOT_H,CFQ_H
CFDDS,DR1TMFAT,1457,DR1TOT_H,CFQ_H
CFDDS,DR1TMOIS,1457,DR1TOT_H,CFQ_H
CFDDS,DR1TNIAC,1457,DR1TOT_H,CFQ_H
CFDDS,DR1TNUMF,1457,DR1TOT_H,CFQ_H
CFDDS,DR1TP182,1457,DR1TOT_H,CFQ_H
CFDDS,DR1TP183,1457,DR1TOT_H,CFQ_H
CFDDS,DR1TP184,1457,DR1TOT_H,CFQ_H
CFDDS,DR1TP204,1457,DR1TOT_H,CFQ_H
CFDDS,DR1TP205,1457,DR1TOT_H,CFQ_H
CFDDS,DR1TP225,1457,DR1TOT_H,CFQ_H
CFDDS,DR1TP226,1457,DR1TOT_H,CFQ_H
CFDDS,DR1TPFAT,1457,DR1TOT_H,CFQ_H
CFDDS,DR1TPHOS,1457,DR1TOT_H,CFQ_H
CFDDS,DR1TPOTA,1457,DR1TOT_H,CFQ_H
CFDDS,DR1TPROT,1457,DR1TOT_H,CFQ_H
CFDDS,DR1TRET,1457,DR1TOT_H,CFQ_H
CFDDS,DR1TS040,1457,DR1TOT_H,CFQ_H
CFDDS,DR1TS060,1457,DR1TOT_H,CFQ_H
CFDDS,DR1TS080,1457,DR1TOT_H,CFQ_H
CFDDS,DR1TS100,1457,DR1TOT_H,CFQ_H
CFDDS,DR1TS120,1457,DR1TOT_H,CFQ_H
CFDDS,DR1TS140,1457,DR1TOT_H,CFQ_H
CFDDS,DR1TS160,1457,DR1TOT_H,CFQ_H
CFDDS,DR1TS180,1457,DR1TOT_H,CFQ_H
CFDDS,DR1TSELE,1457,DR1TOT_H,CFQ_H
CFDDS,DR1TSFAT,1457,DR1TOT_H,CFQ_H
CFDDS,DR1TSODI,1457,DR1TOT_H,CFQ_H
CFDDS,DR1TSUGR,1457,DR1TOT_H,CFQ_H
CFDDS,DR1TTFAT,1457,DR1TOT_H,CFQ_H
CFDDS,DR1TTHEO,1457,DR1TOT_H,CFQ_H
CFDDS,DR1TVARA,1457,DR1TOT_H,CFQ_H
CFDDS,DR1TVB1,1457,DR1TOT_H,CFQ_H
CFDDS,DR1TVB12,1457,DR1TOT_H,CFQ_H
CFDDS,DR1TVB2,1457,DR1TOT_H,CFQ_H
CFDDS,DR1TVB6,1457,DR1TOT_H,CFQ_H
CFDDS,DR1TVC,1457,DR1TOT_H,CFQ_H
CFDDS,DR1TVD,1457,DR1TOT_H,CFQ_H
CFDDS,DR1TVK,1457,DR1TOT_H,CFQ_H
CFDDS,DR1TZINC,1457,DR1TOT_H,CFQ_H
CFDDS,DR2TACAR,1348,DR2TOT_H,CFQ_H
CFDDS,DR2TALCO,1348,DR2TOT_H,CFQ_H
CFDDS,DR2TATOA,1348,DR2TOT_H,CFQ_H
CFDDS,DR2TATOC,1348,DR2TOT_H,CFQ_H
CFDDS,DR2TB12A,1348,DR2TOT_H,CFQ_H
CFDDS,DR2TBCAR,1348,DR2TOT_H,CFQ_H
CFDDS,DR2TCAFF,1348,DR2TOT_H,CFQ_H
CFDDS,DR2TCALC,1348,DR2TOT_H,CFQ_H
CFDDS,DR2TCARB,1348,DR2TOT_H,CFQ_H
CFDDS,DR2TCHL,1348,DR2TOT_H,CFQ_H
CFDDS,DR2TCHOL,1348,DR2TOT_H,CFQ_H
CFDDS,DR2TCOPP,1348,DR2TOT_H,CFQ_H
CFDDS,DR2TCRYP,1348,DR2TOT_H,CFQ_H
CFDDS,DR2TFA,1348,DR2TOT_H,CFQ_H
CFDDS,DR2TFDFE,1348,DR2TOT_H,CFQ_H
CFDDS,DR2TFF,1348,DR2TOT_H,CFQ_H
CFDDS,DR2TFIBE,1348,DR2TOT_H,CFQ_H
CFDDS,DR2TFOLA,1348,DR2TOT_H,CFQ_H
CFDDS,DR2TIRON,1348,DR2TOT_H,CFQ_H
CFDDS,DR2TKCAL,1348,DR2TOT_H,CFQ_H
CFDDS,DR2TLYCO,1348,DR2TOT_H,CFQ_H
CFDDS,DR2TLZ,1348,DR2TOT_H,CFQ_H
CFDDS,DR2TM161,1348,DR2TOT_H,CFQ_H
CFDDS,DR2TM181,1348,DR2TOT_H,CFQ_H
CFDDS,DR2TM201,1348,DR2TOT_H,CFQ_H
CFDDS,DR2TM221,1348,DR2TOT_H,CFQ_H
CFDDS,DR2TMAGN,1348,DR2TOT_H,CFQ_H
CFDDS,DR2TMFAT,1348,DR2TOT_H,CFQ_H
CFDDS,DR2TMOIS,1348,DR2TOT_H,CFQ_H
CFDDS,DR2TNIAC,1348,DR2TOT_H,CFQ_H
CFDDS,DR2TNUMF,1348,DR2TOT_H,CFQ_H
CFDDS,DR2TP182,1348,DR2TOT_H,CFQ_H
CFDDS,DR2TP183,1348,DR2TOT_H,CFQ_H
CFDDS,DR2TP184,1348,DR2TOT_H,CFQ_H
CFDDS,DR2TP204,1348,DR2TOT_H,CFQ_H
CFDDS,DR2TP205,1348,DR2TOT_H,CFQ_H
CFDDS,DR2TP225,1348,DR2TOT_H,CFQ_H
CFDDS,DR2TP226,1348,DR2TOT_H,CFQ_H
CFDDS,DR2TPFAT,1348,DR2TOT_H,CFQ_H
CFDDS,DR2TPHOS,1348,DR2TOT_H,CFQ_H
CFDDS,DR2TPOTA,1348,DR2TOT_H,CFQ_H
CFDDS,DR2TPROT,1348,DR2TOT_H,CFQ_H
CFDDS,DR2TRET,1348,DR2TOT_H,CFQ_H
CFDDS,DR2TS040,1348,DR2TOT_H,CFQ_H
CFDDS,DR2TS060,1348,DR2TOT_H,CFQ_H
CFDDS,DR2TS080,1348,DR2TOT_H,CFQ_H
CFDDS,DR2TS100,1348,DR2TOT_H,CFQ_H
CFDDS,DR2TS120,1348,DR2TOT_H,CFQ_H
CFDDS,DR2TS140,1348,DR2TOT_H,CFQ_H
CFDDS,DR2TS160,1348,DR2TOT_H,CFQ_H
CFDDS,DR2TS180,1348,DR2TOT_H,CFQ_H
CFDDS,DR2TSELE,1348,DR2TOT_H,CFQ_H
CFDDS,DR2TSFAT,1348,DR2TOT_H,CFQ_H
CFDDS,DR2TSODI,1348,DR2TOT_H,CFQ_H
CFDDS,DR2TSUGR,1348,DR2TOT_H,CFQ_H
CFDDS,DR2TTFAT,1348,DR2TOT_H,CFQ_H
CFDDS,DR2TTHEO,1348,DR2TOT_H,CFQ_H
CFDDS,DR2TVARA,1348,DR2TOT_H,CFQ_H
CFDDS,DR2TVB1,1348,DR2TOT_H,CFQ_H
CFDDS,DR2TVB12,1348,DR2TOT_H,CFQ_H
CFDDS,DR2TVB2,1348,DR2TOT_H,CFQ_H
CFDDS,DR2TVB6,1348,DR2TOT_H,CFQ_H
CFDDS,DR2TVC,1348,DR2TOT_H,CFQ_H
CFDDS,DR2TVD,1348,DR2TOT_H,CFQ_H
CFDDS,DR2TVK,1348,DR2TOT_H,CFQ_H
CFDDS,DR2TZINC,1348,DR2TOT_H,CFQ_H
CFDDS,DS1DSCNT,1451,DS1TOT_H,CFQ_H
CFDDS,DS1TCAFF,2,DS1TOT_H,CFQ_H
CFDDS,DS1TCALC,625,DS1TOT_H,CFQ_H
CFDDS,DS1TCARB,209,DS1TOT_H,CFQ_H
CFDDS,DS1TCHL,63,DS1TOT_H,CFQ_H
CFDDS,DS1TCHOL,172,DS1TOT_H,CFQ_H
CFDDS,DS1TCOPP,452,DS1TOT_H,CFQ_H
CFDDS,DS1TFA,478,DS1TOT_H,CFQ_H
CFDDS,DS1TFDFE,478,DS1TOT_H,CFQ_H
CFDDS,DS1TFIBE,43,DS1TOT_H,CFQ_H
CFDDS,DS1TIODI,357,DS1TOT_H,CFQ_H
CFDDS,DS1TIRON,256,DS1TOT_H,CFQ_H
CFDDS,DS1TKCAL,411,DS1TOT_H,CFQ_H
CFDDS,DS1TLYCO,223,DS1TOT_H,CFQ_H
CFDDS,DS1TLZ,263,DS1TOT_H,CFQ_H
CFDDS,DS1TMAGN,481,DS1TOT_H,CFQ_H
CFDDS,DS1TMFAT,20,DS1TOT_H,CFQ_H
CFDDS,DS1TNIAC,486,DS1TOT_H,CFQ_H
CFDDS,DS1TPFAT,113,DS1TOT_H,CFQ_H
CFDDS,DS1TPHOS,311,DS1TOT_H,CFQ_H
CFDDS,DS1TPOTA,344,DS1TOT_H,CFQ_H
CFDDS,DS1TPROT,66,DS1TOT_H,CFQ_H
CFDDS,DS1TSELE,424,DS1TOT_H,CFQ_H
CFDDS,DS1TSFAT,50,DS1TOT_H,CFQ_H
CFDDS,DS1TSODI,116,DS1TOT_H,CFQ_H
CFDDS,DS1TSUGR,127,DS1TOT_H,CFQ_H
CFDDS,DS1TTFAT,264,DS1TOT_H,CFQ_H
CFDDS,DS1TVB1,460,DS1TOT_H,CFQ_H
CFDDS,DS1TVB12,512,DS1TOT_H,CFQ_H
CFDDS,DS1TVB2,458,DS1TOT_H,CFQ_H
CFDDS,DS1TVB6,497,DS1TOT_H,CFQ_H
CFDDS,DS1TVC,554,DS1TOT_H,CFQ_H
CFDDS,DS1TVD,659,DS1TOT_H,CFQ_H
CFDDS,DS1TVK,394,DS1TOT_H,CFQ_H
CFDDS,DS1TZINC,486,DS1TOT_H,CFQ_H
CFDDS,DS2AN,1348,DS2TOT_H,CFQ_H
CFDDS,DS2ANCNT,1348,DS2TOT_H,CFQ_H
CFDDS,DS2DS,1347,DS2TOT_H,CFQ_H
CFDDS,DS2DSCNT,1347,DS2TOT_H,CFQ_H
CFDDS,DS2TCAFF,2,DS2TOT_H,CFQ_H
CFDDS,DS2TCALC,610,DS2TOT_H,CFQ_H
CFDDS,DS2TCARB,201,DS2TOT_H,CFQ_H
CFDDS,DS2TCHL,64,DS2TOT_H,CFQ_H
CFDDS,DS2TCHOL,188,DS2TOT_H,CFQ_H
CFDDS,DS2TCOPP,465,DS2TOT_H,CFQ_H
CFDDS,DS2TFA,493,DS2TOT_H,CFQ_H
CFDDS,DS2TFDFE,493,DS2TOT_H,CFQ_H
CFDDS,DS2TFIBE,44,DS2TOT_H,CFQ_H
CFDDS,DS2TIODI,372,DS2TOT_H,CFQ_H
CFDDS,DS2TIRON,260,DS2TOT_H,CFQ_H
CFDDS,DS2TKCAL,397,DS2TOT_H,CFQ_H
CFDDS,DS2TLYCO,231,DS2TOT_H,CFQ_H
CFDDS,DS2TLZ,270,DS2TOT_H,CFQ_H
CFDDS,DS2TMAGN,491,DS2TOT_H,CFQ_H
CFDDS,DS2TMFAT,23,DS2TOT_H,CFQ_H
CFDDS,DS2TNIAC,497,DS2TOT_H,CFQ_H
CFDDS,DS2TPFAT,121,DS2TOT_H,CFQ_H
CFDDS,DS2TPHOS,318,DS2TOT_H,CFQ_H
CFDDS,DS2TPOTA,356,DS2TOT_H,CFQ_H
CFDDS,DS2TPROT,66,DS2TOT_H,CFQ_H
CFDDS,DS2TSELE,436,DS2TOT_H,CFQ_H
CFDDS,DS2TSFAT,53,DS2TOT_H,CFQ_H
CFDDS,DS2TSODI,111,DS2TOT_H,CFQ_H
CFDDS,DS2TSUGR,102,DS2TOT_H,CFQ_H
CFDDS,DS2TTFAT,278,DS2TOT_H,CFQ_H
CFDDS,DS2TVB1,470,DS2TOT_H,CFQ_H
CFDDS,DS2TVB12,529,DS2TOT_H,CFQ_H
CFDDS,DS2TVB2,469,DS2TOT_H,CFQ_H
CFDDS,DS2TVB6,508,DS2TOT_H,CFQ_H
CFDDS,DS2TVC,567,DS2TOT_H,CFQ_H
CFDDS,DS2TVD,674,DS2TOT_H,CFQ_H
CFDDS,DS2TVK,404,DS2TOT_H,CFQ_H
CFDDS,DS2TZINC,498,DS2TOT_H,CFQ_H
CFDDS,DSQTCAFF,2,DSQTOT_H,CFQ_H
CFDDS,DSQTCALC,745,DSQTOT_H,CFQ_H
CFDDS,DSQTCARB,215,DSQTOT_H,CFQ_H
CFDDS,DSQTCHL,70,DSQTOT_H,CFQ_H
CFDDS,DSQTCHOL,219,DSQTOT_H,CFQ_H
CFDDS,DSQTCOPP,520,DSQTOT_H,CFQ_H
CFDDS,DSQTFA,550,DSQTOT_H,CFQ_H
CFDDS,DSQTFDFE,550,DSQTOT_H,CFQ_H
CFDDS,DSQTFIBE,37,DSQTOT_H,CFQ_H
CFDDS,DSQTIODI,409,DSQTOT_H,CFQ_H
CFDDS,DSQTIRON,253,DSQTOT_H,CFQ_H
CFDDS,DSQTKCAL,490,DSQTOT_H,CFQ_H
CFDDS,DSQTLYCO,261,DSQTOT_H,CFQ_H
CFDDS,DSQTLZ,320,DSQTOT_H,CFQ_H
CFDDS,DSQTMAGN,566,DSQTOT_H,CFQ_H
CFDDS,DSQTMFAT,23,DSQTOT_H,CFQ_H
CFDDS,DSQTNIAC,554,DSQTOT_H,CFQ_H
CFDDS,DSQTPFAT,135,DSQTOT_H,CFQ_H
CFDDS,DSQTPHOS,345,DSQTOT_H,CFQ_H
CFDDS,DSQTPOTA,379,DSQTOT_H,CFQ_H
CFDDS,DSQTPROT,69,DSQTOT_H,CFQ_H
CFDDS,DSQTSELE,486,DSQTOT_H,CFQ_H
CFDDS,DSQTSFAT,62,DSQTOT_H,CFQ_H
CFDDS,DSQTSODI,141,DSQTOT_H,CFQ_H
CFDDS,DSQTSUGR,195,DSQTOT_H,CFQ_H
CFDDS,DSQTTFAT,297,DSQTOT_H,CFQ_H
CFDDS,DSQTVB1,529,DSQTOT_H,CFQ_H
CFDDS,DSQTVB12,616,DSQTOT_H,CFQ_H
CFDDS,DSQTVB2,526,DSQTOT_H,CFQ_H
CFDDS,DSQTVB6,567,DSQTOT_H,CFQ_H
CFDDS,DSQTVC,660,DSQTOT_H,CFQ_H
CFDDS,DSQTVD,780,DSQTOT_H,CFQ_H
CFDDS,DSQTVK,441,DSQTOT_H,CFQ_H
CFDDS,DSQTZINC,559,DSQTOT_H,CFQ_H
CFDDS,HOQ065,1576,HOQ_H,CFQ_H
CFDDS,LBDB12SI,1520,VITB12_H,CFQ_H
CFDDS,LBDHBG,1536,HEPBD_H,CFQ_H
CFDDS,LBDHD,1536,HEPBD_H,CFQ_H
CFDDS,LBXHBC,1539,HEPBD_H,CFQ_H
CFDDS,LBDHEG,1539,HEPE_H,CFQ_H
CFDDS,LBDHEM,1539,HEPE_H,CFQ_H
CFDDS,LBDRPCR,0,HPVP_H,CFQ_H
CFDDS,LBDRPCR,0,HPVSWR_H,CFQ_H
CFDDS,LBXHP2C,0,HPVSWR_H,CFQ_H
CFDDS,LBX10AL,336,ALD_H,CFQ_H
CFDDS,LBX3AL,402,ALD_H,CFQ_H
CFDDS,LBX4AL,413,ALD_H,CFQ_H
CFDDS,LBX5AL,417,ALD_H,CFQ_H
CFDDS,LBX6AL,369,ALD_H,CFQ_H
CFDDS,LBX7AL,351,ALD_H,CFQ_H
CFDDS,LBX8AL,343,ALD_H,CFQ_H
CFDDS,LBX9AL,356,ALD_H,CFQ_H
CFDDS,LBXBZAL,351,ALD_H,CFQ_H
CFDDS,LBXCRAL,402,ALD_H,CFQ_H
CFDDS,LBXI5AL,426,ALD_H,CFQ_H
CFDDS,LBXTLAL,368,ALD_H,CFQ_H
CFDDS,LBX2DF,741,VOCWB_H,CFQ_H
CFDDS,LBX4CE,724,VOCWB_H,CFQ_H
CFDDS,LBXV06,683,VOCWB_H,CFQ_H
CFDDS,LBXV07N,724,VOCWB_H,CFQ_H
CFDDS,LBXV08N,720,VOCWB_H,CFQ_H
CFDDS,LBXV1D,734,VOCWB_H,CFQ_H
CFDDS,LBXV2A,741,VOCWB_H,CFQ_H
CFDDS,LBXV3B,736,VOCWB_H,CFQ_H
CFDDS,LBXV4C,697,VOCWB_H,CFQ_H
CFDDS,LBXVBF,734,VOCWB_H,CFQ_H
CFDDS,LBXVBM,732,VOCWB_H,CFQ_H
CFDDS,LBXVBZ,712,VOCWB_H,CFQ_H
CFDDS,LBXVC6,706,VOCWB_H,CFQ_H
CFDDS,LBXVCB,742,VOCWB_H,CFQ_H
CFDDS,LBXVCF,728,VOCWB_H,CFQ_H
CFDDS,LBXVCM,740,VOCWB_H,CFQ_H
CFDDS,LBXVCT,740,VOCWB_H,CFQ_H
CFDDS,LBXVDB,736,VOCWB_H,CFQ_H
CFDDS,LBXVDE,742,VOCWB_H,CFQ_H
CFDDS,LBXVDEE,708,VOCWB_H,CFQ_H
CFDDS,LBXVDX,719,VOCWB_H,CFQ_H
CFDDS,LBXVEA,731,VOCWB_H,CFQ_H
CFDDS,LBXVEB,715,VOCWB_H,CFQ_H
CFDDS,LBXVEC,738,VOCWB_H,CFQ_H
CFDDS,LBXVFN,742,VOCWB_H,CFQ_H
CFDDS,LBXVIPB,742,VOCWB_H,CFQ_H
CFDDS,LBXVMC,726,VOCWB_H,CFQ_H
CFDDS,LBXVMCP,731,VOCWB_H,CFQ_H
CFDDS,LBXVME,709,VOCWB_H,CFQ_H
CFDDS,LBXVNB,734,VOCWB_H,CFQ_H
CFDDS,LBXVOX,742,VOCWB_H,CFQ_H
CFDDS,LBXVTC,716,VOCWB_H,CFQ_H
CFDDS,LBXVTE,742,VOCWB_H,CFQ_H
CFDDS,LBXVTFT,742,VOCWB_H,CFQ_H
CFDDS,LBXVTHF,713,VOCWB_H,CFQ_H
CFDDS,LBXVTO,721,VOCWB_H,CFQ_H
CFDDS,LBXVTP,738,VOCWB_H,CFQ_H
CFDDS,LBXVVB,730,VOCWB_H,CFQ_H
CFDDS,LBXVXY,736,VOCWB_H,CFQ_H
CFDDS,LBXACR,473,AMDGYD_H,CFQ_H
CFDDS,LBXGLY,457,AMDGYD_H,CFQ_H
CFDDS,LBXBCD,773,PBCD_H,CFQ_H
CFDDS,LBXBMN,773,PBCD_H,CFQ_H
CFDDS,LBXBPB,773,PBCD_H,CFQ_H
CFDDS,LBXBSE,773,PBCD_H,CFQ_H
CFDDS,LBXTHG,773,PBCD_H,CFQ_H
CFDDS,LBXBGE,773,IHGEM_H,CFQ_H
CFDDS,LBXBGM,773,IHGEM_H,CFQ_H
CFDDS,LBXIHG,773,IHGEM_H,CFQ_H
CFDDS,LBXCOT,1532,COT_H,CFQ_H
CFDDS,LBXHCT,1532,COT_H,CFQ_H
CFDDS,LBXEMA,4,TGEMA_H,CFQ_H
CFDDS,LBXTTG,1520,TGEMA_H,CFQ_H
CFDDS,LBXEOA,495,ETHOX_H,CFQ_H
CFDDS,LBXFOR,428,FORMAL_H,CFQ_H
CFDDS,LBXHA,1539,HEPA_H,CFQ_H
CFDDS,LBXHBS,1538,HEPB_S_H,CFQ_H
CFDDS,LBXHCG,32,HEPC_H,CFQ_H
CFDDS,LBXHCR,1528,HEPC_H,CFQ_H
CFDDS,LBXHE1,0,HSV_H,CFQ_H
CFDDS,LBXHE2,0,HSV_H,CFQ_H
CFDDS,LBXMPAH,515,PFAS_H,CFQ_H
CFDDS,LBXPFBS,515,PFAS_H,CFQ_H
CFDDS,LBXPFDE,515,PFAS_H,CFQ_H
CFDDS,LBXPFDO,515,PFAS_H,CFQ_H
CFDDS,LBXPFHP,515,PFAS_H,CFQ_H
CFDDS,LBXPFHS,515,PFAS_H,CFQ_H
CFDDS,LBXPFNA,515,PFAS_H,CFQ_H
CFDDS,LBXPFUA,515,PFAS_H,CFQ_H
CFDDS,LBXVD2MS,1539,VID_H,CFQ_H
CFDDS,LBXVD3MS,1539,VID_H,CFQ_H
CFDDS,LBXVE3MS,1504,VID_H,CFQ_H
CFDDS,LBXVIDMS,1539,VID_H,CFQ_H
CFDDS,ORXHPV,846,ORHPV_H,CFQ_H
CFDDS,PA_sedentary_activity_min_per_day,1582,PAQ_H,CFQ_H
CFDDS,PAQ_recreation_moderate_met,1591,PAQ_H,CFQ_H
CFDDS,PAQ_recreation_moderate_week,1591,PAQ_H,CFQ_H
CFDDS,PAQ_recreation_vigorous_met,1592,PAQ_H,CFQ_H
CFDDS,PAQ_recreation_vigorous_week,1592,PAQ_H,CFQ_H
CFDDS,PAQ_total_met,1587,PAQ_H,CFQ_H
CFDDS,PAQ_walk_met,1591,PAQ_H,CFQ_H
CFDDS,PAQ_walk_week,1591,PAQ_H,CFQ_H
CFDDS,PAQ_work_moderate_met,1589,PAQ_H,CFQ_H
CFDDS,PAQ_work_moderate_week,1589,PAQ_H,CFQ_H
CFDDS,PAQ_work_vigorous_met,1592,PAQ_H,CFQ_H
CFDDS,PAQ_work_vigorous_week,1592,PAQ_H,CFQ_H
CFDDS,SMQ_current_ever_never,1591,SMQ_H,CFQ_H
CFDDS,SMQ_how_long_since_quit_years,567,SMQ_H,CFQ_H
CFDDS,SMQ710,196,SMQRTU_H,CFQ_H
CFDDS,SMQ720,196,SMQRTU_H,CFQ_H
CFDDS,SMQ725,196,SMQRTU_H,CFQ_H
CFDDS,SMQ740,2,SMQRTU_H,CFQ_H
CFDDS,SMQ770,16,SMQRTU_H,CFQ_H
CFDDS,SMQ800,8,SMQRTU_H,CFQ_H
CFDDS,SMQ817,7,SMQRTU_H,CFQ_H
CFDDS,SMQ830,5,SMQRTU_H,CFQ_H
CFDDS,SMQ840,5,SMQRTU_H,CFQ_H
CFDDS,URX14D,530,EPHPP_H,CFQ_H
CFDDS,URXBP3,530,EPHPP_H,CFQ_H
CFDDS,URXBPF,530,EPHPP_H,CFQ_H
CFDDS,URXBPH,530,EPHPP_H,CFQ_H
CFDDS,URXBPS,530,EPHPP_H,CFQ_H
CFDDS,URXBUP,530,EPHPP_H,CFQ_H
CFDDS,URXDCB,530,EPHPP_H,CFQ_H
CFDDS,URXEPB,530,EPHPP_H,CFQ_H
CFDDS,URXMPB,530,EPHPP_H,CFQ_H
CFDDS,URXPPB,530,EPHPP_H,CFQ_H
CFDDS,URXTLC,530,EPHPP_H,CFQ_H
CFDDS,URXTRS,530,EPHPP_H,CFQ_H
CFDDS,URX1DC,471,UVOC_H,CFQ_H
CFDDS,URX2DC,494,UVOC_H,CFQ_H
CFDDS,URX2MH,461,UVOC_H,CFQ_H
CFDDS,URX34M,504,UVOC_H,CFQ_H
CFDDS,URXAAM,480,UVOC_H,CFQ_H
CFDDS,URXAMC,505,UVOC_H,CFQ_H
CFDDS,URXATC,489,UVOC_H,CFQ_H
CFDDS,URXBMA,504,UVOC_H,CFQ_H
CFDDS,URXBPM,508,UVOC_H,CFQ_H
CFDDS,URXCEM,506,UVOC_H,CFQ_H
CFDDS,URXCYM,495,UVOC_H,CFQ_H
CFDDS,URXDHB,508,UVOC_H,CFQ_H
CFDDS,URXDPM,479,UVOC_H,CFQ_H
CFDDS,URXGAM,507,UVOC_H,CFQ_H
CFDDS,URXHEM,499,UVOC_H,CFQ_H
CFDDS,URXHP2,497,UVOC_H,CFQ_H
CFDDS,URXHPM,503,UVOC_H,CFQ_H
CFDDS,URXMAD,492,UVOC_H,CFQ_H
CFDDS,URXMB1,498,UVOC_H,CFQ_H
CFDDS,URXMB2,506,UVOC_H,CFQ_H
CFDDS,URXMB3,481,UVOC_H,CFQ_H
CFDDS,URXPHE,504,UVOC_H,CFQ_H
CFDDS,URXPHG,492,UVOC_H,CFQ_H
CFDDS,URXPMA,497,UVOC_H,CFQ_H
CFDDS,URXPMM,502,UVOC_H,CFQ_H
CFDDS,URXTCV,505,UVOC_H,CFQ_H
CFDDS,URXTTC,508,UVOC_H,CFQ_H
CFDDS,URX1NP,458,AA_H,CFQ_H
CFDDS,URX2NP,466,AA_H,CFQ_H
CFDDS,URX4BP,477,AA_H,CFQ_H
CFDDS,URXANS,435,AA_H,CFQ_H
CFDDS,URXDMN,450,AA_H,CFQ_H
CFDDS,URXOTD,464,AA_H,CFQ_H
CFDDS,URX1NP,559,AAS_H,CFQ_H
CFDDS,URX2NP,569,AAS_H,CFQ_H
CFDDS,URX4BP,581,AAS_H,CFQ_H
CFDDS,URXANS,529,AAS_H,CFQ_H
CFDDS,URXDMN,549,AAS_H,CFQ_H
CFDDS,URXOTD,561,AAS_H,CFQ_H
CFDDS,URX24D,513,UPHOPM_H,CFQ_H
CFDDS,URX4FP,511,UPHOPM_H,CFQ_H
CFDDS,URXCPM,502,UPHOPM_H,CFQ_H
CFDDS,URXOPM,505,UPHOPM_H,CFQ_H
CFDDS,URXOXY,509,UPHOPM_H,CFQ_H
CFDDS,URXPAR,495,UPHOPM_H,CFQ_H
CFDDS,URXTCC,497,UPHOPM_H,CFQ_H
CFDDS,URXAAC,496,HCAA_H,CFQ_H
CFDDS,URXGLP1,498,HCAA_H,CFQ_H
CFDDS,URXGLP2,498,HCAA_H,CFQ_H
CFDDS,URXHM,498,HCAA_H,CFQ_H
CFDDS,URXIQ,498,HCAA_H,CFQ_H
CFDDS,URXMAAC,495,HCAA_H,CFQ_H
CFDDS,URXNHM,493,HCAA_H,CFQ_H
CFDDS,URXPHIP,498,HCAA_H,CFQ_H
CFDDS,URXTRP1,498,HCAA_H,CFQ_H
CFDDS,URXTRP2,498,HCAA_H,CFQ_H
CFDDS,URXAMU,498,CAFE_H,CFQ_H
CFDDS,URXMU1,498,CAFE_H,CFQ_H
CFDDS,URXMU2,498,CAFE_H,CFQ_H
CFDDS,URXMU3,498,CAFE_H,CFQ_H
CFDDS,URXMU4,498,CAFE_H,CFQ_H
CFDDS,URXMU5,498,CAFE_H,CFQ_H
CFDDS,URXMU6,498,CAFE_H,CFQ_H
CFDDS,URXMU7,498,CAFE_H,CFQ_H
CFDDS,URXMX1,498,CAFE_H,CFQ_H
CFDDS,URXMX2,498,CAFE_H,CFQ_H
CFDDS,URXMX3,498,CAFE_H,CFQ_H
CFDDS,URXMX4,498,CAFE_H,CFQ_H
CFDDS,URXMX5,498,CAFE_H,CFQ_H
CFDDS,URXMX6,498,CAFE_H,CFQ_H
CFDDS,URXMX7,498,CAFE_H,CFQ_H
CFDDS,URXANBT,74,UCOT_H,CFQ_H
CFDDS,URXANTT,74,UCOT_H,CFQ_H
CFDDS,URXCOTT,498,UCOT_H,CFQ_H
CFDDS,URXCOXT,74,UCOT_H,CFQ_H
CFDDS,URXHCTT,498,UCOT_H,CFQ_H
CFDDS,URXNICT,74,UCOT_H,CFQ_H
CFDDS,URXNNCT,74,UCOT_H,CFQ_H
CFDDS,URXNOXT,74,UCOT_H,CFQ_H
CFDDS,URXCNP,530,PHTHTE_H,CFQ_H
CFDDS,URXCOP,530,PHTHTE_H,CFQ_H
CFDDS,URXECP,530,PHTHTE_H,CFQ_H
CFDDS,URXMBP,530,PHTHTE_H,CFQ_H
CFDDS,URXMC1,530,PHTHTE_H,CFQ_H
CFDDS,URXMEP,530,PHTHTE_H,CFQ_H
CFDDS,URXMHH,530,PHTHTE_H,CFQ_H
CFDDS,URXMHNC,530,PHTHTE_H,CFQ_H
CFDDS,URXMHP,530,PHTHTE_H,CFQ_H
CFDDS,URXMIB,530,PHTHTE_H,CFQ_H
CFDDS,URXMNP,530,PHTHTE_H,CFQ_H
CFDDS,URXMOH,530,PHTHTE_H,CFQ_H
CFDDS,URXMZP,530,PHTHTE_H,CFQ_H
CFDDS,URXDEA,511,DEET_H,CFQ_H
CFDDS,URXDEE,513,DEET_H,CFQ_H
CFDDS,URXDHD,513,DEET_H,CFQ_H
CFDDS,URXNAB,1537,TSNA_H,CFQ_H
CFDDS,URXNAL,1522,TSNA_H,CFQ_H
CFDDS,URXNAT,1539,TSNA_H,CFQ_H
CFDDS,URXNNN,1528,TSNA_H,CFQ_H
CFDDS,URXNDEA,473,VNA_H,CFQ_H
CFDDS,URXNMEA,477,VNA_H,CFQ_H
CFDDS,URXNMOR,461,VNA_H,CFQ_H
CFDDS,URXNPIP,486,VNA_H,CFQ_H
CFDDS,URXNPYR,497,VNA_H,CFQ_H
CFDDS,URXNO3,510,PERNT_H,CFQ_H
CFDDS,URXSCN,509,PERNT_H,CFQ_H
CFDDS,URXUP8,510,PERNT_H,CFQ_H
CFDDS,URXP01,506,PAH_H,CFQ_H
CFDDS,URXP02,506,PAH_H,CFQ_H
CFDDS,URXP03,512,PAH_H,CFQ_H
CFDDS,URXP04,512,PAH_H,CFQ_H
CFDDS,URXP06,512,PAH_H,CFQ_H
CFDDS,URXP10,512,PAH_H,CFQ_H
CFDDS,URXP25,512,PAH_H,CFQ_H
CFDDS,URXUAB,511,UAS_H,CFQ_H
CFDDS,URXUAC,511,UAS_H,CFQ_H
CFDDS,URXUAS3,511,UAS_H,CFQ_H
CFDDS,URXUAS5,511,UAS_H,CFQ_H
CFDDS,URXUDMA,511,UAS_H,CFQ_H
CFDDS,URXUMMA,511,UAS_H,CFQ_H
CFDDS,URXUAS,514,UTAS_H,CFQ_H
CFDDS,URXUBA,515,UM_H,CFQ_H
CFDDS,URXUCD,515,UM_H,CFQ_H
CFDDS,URXUCO,515,UM_H,CFQ_H
CFDDS,URXUCS,515,UM_H,CFQ_H
CFDDS,URXUMN,515,UM_H,CFQ_H
CFDDS,URXUMO,515,UM_H,CFQ_H
CFDDS,URXUPB,515,UM_H,CFQ_H
CFDDS,URXUSB,515,UM_H,CFQ_H
CFDDS,URXUSN,515,UM_H,CFQ_H
CFDDS,URXUSR,515,UM_H,CFQ_H
CFDDS,URXUTL,515,UM_H,CFQ_H
CFDDS,URXUTU,515,UM_H,CFQ_H
CFDDS,URXUCL,0,CHLMDA_H,CFQ_H
CFDDS,URXUHG,514,UHG_H,CFQ_H
CFDDS,URXUTRI,0,TRICH_H,CFQ_H
CFDDS,DR1TACAR,1323,DR1TOT_G,CFQ_G
CFDDS,DR1TALCO,1323,DR1TOT_G,CFQ_G
CFDDS,DR1TATOA,1323,DR1TOT_G,CFQ_G
CFDDS,DR1TATOC,1323,DR1TOT_G,CFQ_G
CFDDS,DR1TB12A,1323,DR1TOT_G,CFQ_G
CFDDS,DR1TBCAR,1323,DR1TOT_G,CFQ_G
CFDDS,DR1TCAFF,1323,DR1TOT_G,CFQ_G
CFDDS,DR1TCALC,1323,DR1TOT_G,CFQ_G
CFDDS,DR1TCARB,1323,DR1TOT_G,CFQ_G
CFDDS,DR1TCHOL,1323,DR1TOT_G,CFQ_G
CFDDS,DR1TCOPP,1323,DR1TOT_G,CFQ_G
CFDDS,DR1TCRYP,1323,DR1TOT_G,CFQ_G
CFDDS,DR1TFA,1323,DR1TOT_G,CFQ_G
CFDDS,DR1TFDFE,1323,DR1TOT_G,CFQ_G
CFDDS,DR1TFF,1323,DR1TOT_G,CFQ_G
CFDDS,DR1TFIBE,1323,DR1TOT_G,CFQ_G
CFDDS,DR1TFOLA,1323,DR1TOT_G,CFQ_G
CFDDS,DR1TIRON,1323,DR1TOT_G,CFQ_G
CFDDS,DR1TKCAL,1323,DR1TOT_G,CFQ_G
CFDDS,DR1TLYCO,1323,DR1TOT_G,CFQ_G
CFDDS,DR1TLZ,1323,DR1TOT_G,CFQ_G
CFDDS,DR1TM161,1323,DR1TOT_G,CFQ_G
CFDDS,DR1TM181,1323,DR1TOT_G,CFQ_G
CFDDS,DR1TM201,1323,DR1TOT_G,CFQ_G
CFDDS,DR1TM221,1323,DR1TOT_G,CFQ_G
CFDDS,DR1TMAGN,1323,DR1TOT_G,CFQ_G
CFDDS,DR1TMFAT,1323,DR1TOT_G,CFQ_G
CFDDS,DR1TMOIS,1323,DR1TOT_G,CFQ_G
CFDDS,DR1TNIAC,1323,DR1TOT_G,CFQ_G
CFDDS,DR1TNUMF,1323,DR1TOT_G,CFQ_G
CFDDS,DR1TP182,1323,DR1TOT_G,CFQ_G
CFDDS,DR1TP183,1323,DR1TOT_G,CFQ_G
CFDDS,DR1TP184,1323,DR1TOT_G,CFQ_G
CFDDS,DR1TP204,1323,DR1TOT_G,CFQ_G
CFDDS,DR1TP205,1323,DR1TOT_G,CFQ_G
CFDDS,DR1TP225,1323,DR1TOT_G,CFQ_G
CFDDS,DR1TP226,1323,DR1TOT_G,CFQ_G
CFDDS,DR1TPFAT,1323,DR1TOT_G,CFQ_G
CFDDS,DR1TPHOS,1323,DR1TOT_G,CFQ_G
CFDDS,DR1TPOTA,1323,DR1TOT_G,CFQ_G
CFDDS,DR1TPROT,1323,DR1TOT_G,CFQ_G
CFDDS,DR1TRET,1323,DR1TOT_G,CFQ_G
CFDDS,DR1TS040,1323,DR1TOT_G,CFQ_G
CFDDS,DR1TS060,1323,DR1TOT_G,CFQ_G
CFDDS,DR1TS080,1323,DR1TOT_G,CFQ_G
CFDDS,DR1TS100,1323,DR1TOT_G,CFQ_G
CFDDS,DR1TS120,1323,DR1TOT_G,CFQ_G
CFDDS,DR1TS140,1323,DR1TOT_G,CFQ_G
CFDDS,DR1TS160,1323,DR1TOT_G,CFQ_G
CFDDS,DR1TS180,1323,DR1TOT_G,CFQ_G
CFDDS,DR1TSELE,1323,DR1TOT_G,CFQ_G
CFDDS,DR1TSFAT,1323,DR1TOT_G,CFQ_G
CFDDS,DR1TSODI,1323,DR1TOT_G,CFQ_G
CFDDS,DR1TSUGR,1323,DR1TOT_G,CFQ_G
CFDDS,DR1TTFAT,1323,DR1TOT_G,CFQ_G
CFDDS,DR1TTHEO,1323,DR1TOT_G,CFQ_G
CFDDS,DR1TVARA,1323,DR1TOT_G,CFQ_G
CFDDS,DR1TVB1,1323,DR1TOT_G,CFQ_G
CFDDS,DR1TVB12,1323,DR1TOT_G,CFQ_G
CFDDS,DR1TVB2,1323,DR1TOT_G,CFQ_G
CFDDS,DR1TVB6,1323,DR1TOT_G,CFQ_G
CFDDS,DR1TVC,1323,DR1TOT_G,CFQ_G
CFDDS,DR1TVD,1323,DR1TOT_G,CFQ_G
CFDDS,DR1TVK,1323,DR1TOT_G,CFQ_G
CFDDS,DR1TZINC,1323,DR1TOT_G,CFQ_G
CFDDS,DR2TACAR,1240,DR2TOT_G,CFQ_G
CFDDS,DR2TALCO,1240,DR2TOT_G,CFQ_G
CFDDS,DR2TATOA,1240,DR2TOT_G,CFQ_G
CFDDS,DR2TATOC,1240,DR2TOT_G,CFQ_G
CFDDS,DR2TB12A,1240,DR2TOT_G,CFQ_G
CFDDS,DR2TBCAR,1240,DR2TOT_G,CFQ_G
CFDDS,DR2TCAFF,1240,DR2TOT_G,CFQ_G
CFDDS,DR2TCALC,1240,DR2TOT_G,CFQ_G
CFDDS,DR2TCARB,1240,DR2TOT_G,CFQ_G
CFDDS,DR2TCHL,1240,DR2TOT_G,CFQ_G
CFDDS,DR2TCHOL,1240,DR2TOT_G,CFQ_G
CFDDS,DR2TCOPP,1240,DR2TOT_G,CFQ_G
CFDDS,DR2TCRYP,1240,DR2TOT_G,CFQ_G
CFDDS,DR2TFA,1240,DR2TOT_G,CFQ_G
CFDDS,DR2TFDFE,1240,DR2TOT_G,CFQ_G
CFDDS,DR2TFF,1240,DR2TOT_G,CFQ_G
CFDDS,DR2TFIBE,1240,DR2TOT_G,CFQ_G
CFDDS,DR2TFOLA,1240,DR2TOT_G,CFQ_G
CFDDS,DR2TIRON,1240,DR2TOT_G,CFQ_G
CFDDS,DR2TKCAL,1240,DR2TOT_G,CFQ_G
CFDDS,DR2TLYCO,1240,DR2TOT_G,CFQ_G
CFDDS,DR2TLZ,1240,DR2TOT_G,CFQ_G
CFDDS,DR2TM161,1240,DR2TOT_G,CFQ_G
CFDDS,DR2TM181,1240,DR2TOT_G,CFQ_G
CFDDS,DR2TM201,1240,DR2TOT_G,CFQ_G
CFDDS,DR2TM221,1240,DR2TOT_G,CFQ_G
CFDDS,DR2TMAGN,1240,DR2TOT_G,CFQ_G
CFDDS,DR2TMFAT,1240,DR2TOT_G,CFQ_G
CFDDS,DR2TMOIS,1240,DR2TOT_G,CFQ_G
CFDDS,DR2TNIAC,1240,DR2TOT_G,CFQ_G
CFDDS,DR2TNUMF,1240,DR2TOT_G,CFQ_G
CFDDS,DR2TP182,1240,DR2TOT_G,CFQ_G
CFDDS,DR2TP183,1240,DR2TOT_G,CFQ_G
CFDDS,DR2TP184,1240,DR2TOT_G,CFQ_G
CFDDS,DR2TP204,1240,DR2TOT_G,CFQ_G
CFDDS,DR2TP205,1240,DR2TOT_G,CFQ_G
CFDDS,DR2TP225,1240,DR2TOT_G,CFQ_G
CFDDS,DR2TP226,1240,DR2TOT_G,CFQ_G
CFDDS,DR2TPFAT,1240,DR2TOT_G,CFQ_G
CFDDS,DR2TPHOS,1240,DR2TOT_G,CFQ_G
CFDDS,DR2TPOTA,1240,DR2TOT_G,CFQ_G
CFDDS,DR2TPROT,1240,DR2TOT_G,CFQ_G
CFDDS,DR2TRET,1240,DR2TOT_G,CFQ_G
CFDDS,DR2TS040,1240,DR2TOT_G,CFQ_G
CFDDS,DR2TS060,1240,DR2TOT_G,CFQ_G
CFDDS,DR2TS080,1240,DR2TOT_G,CFQ_G
CFDDS,DR2TS100,1240,DR2TOT_G,CFQ_G
CFDDS,DR2TS120,1240,DR2TOT_G,CFQ_G
CFDDS,DR2TS140,1240,DR2TOT_G,CFQ_G
CFDDS,DR2TS160,1240,DR2TOT_G,CFQ_G
CFDDS,DR2TS180,1240,DR2TOT_G,CFQ_G
CFDDS,DR2TSELE,1240,DR2TOT_G,CFQ_G
CFDDS,DR2TSFAT,1240,DR2TOT_G,CFQ_G
CFDDS,DR2TSODI,1240,DR2TOT_G,CFQ_G
CFDDS,DR2TSUGR,1240,DR2TOT_G,CFQ_G
CFDDS,DR2TTFAT,1240,DR2TOT_G,CFQ_G
CFDDS,DR2TTHEO,1240,DR2TOT_G,CFQ_G
CFDDS,DR2TVARA,1240,DR2TOT_G,CFQ_G
CFDDS,DR2TVB1,1240,DR2TOT_G,CFQ_G
CFDDS,DR2TVB12,1240,DR2TOT_G,CFQ_G
CFDDS,DR2TVB2,1240,DR2TOT_G,CFQ_G
CFDDS,DR2TVB6,1240,DR2TOT_G,CFQ_G
CFDDS,DR2TVC,1240,DR2TOT_G,CFQ_G
CFDDS,DR2TVD,1240,DR2TOT_G,CFQ_G
CFDDS,DR2TVK,1240,DR2TOT_G,CFQ_G
CFDDS,DR2TZINC,1240,DR2TOT_G,CFQ_G
CFDDS,DS1DSCNT,1319,DS1TOT_G,CFQ_G
CFDDS,DS1TCAFF,0,DS1TOT_G,CFQ_G
CFDDS,DS1TCALC,549,DS1TOT_G,CFQ_G
CFDDS,DS1TCARB,154,DS1TOT_G,CFQ_G
CFDDS,DS1TCHL,50,DS1TOT_G,CFQ_G
CFDDS,DS1TCHOL,151,DS1TOT_G,CFQ_G
CFDDS,DS1TCOPP,377,DS1TOT_G,CFQ_G
CFDDS,DS1TFA,429,DS1TOT_G,CFQ_G
CFDDS,DS1TFDFE,429,DS1TOT_G,CFQ_G
CFDDS,DS1TFIBE,38,DS1TOT_G,CFQ_G
CFDDS,DS1TIODI,308,DS1TOT_G,CFQ_G
CFDDS,DS1TIRON,197,DS1TOT_G,CFQ_G
CFDDS,DS1TKCAL,337,DS1TOT_G,CFQ_G
CFDDS,DS1TLYCO,210,DS1TOT_G,CFQ_G
CFDDS,DS1TLZ,212,DS1TOT_G,CFQ_G
CFDDS,DS1TMAGN,403,DS1TOT_G,CFQ_G
CFDDS,DS1TMFAT,25,DS1TOT_G,CFQ_G
CFDDS,DS1TNIAC,414,DS1TOT_G,CFQ_G
CFDDS,DS1TPFAT,106,DS1TOT_G,CFQ_G
CFDDS,DS1TPHOS,271,DS1TOT_G,CFQ_G
CFDDS,DS1TPOTA,322,DS1TOT_G,CFQ_G
CFDDS,DS1TPROT,59,DS1TOT_G,CFQ_G
CFDDS,DS1TSELE,365,DS1TOT_G,CFQ_G
CFDDS,DS1TSFAT,61,DS1TOT_G,CFQ_G
CFDDS,DS1TSODI,116,DS1TOT_G,CFQ_G
CFDDS,DS1TSUGR,87,DS1TOT_G,CFQ_G
CFDDS,DS1TTFAT,249,DS1TOT_G,CFQ_G
CFDDS,DS1TVB1,410,DS1TOT_G,CFQ_G
CFDDS,DS1TVB12,461,DS1TOT_G,CFQ_G
CFDDS,DS1TVB2,411,DS1TOT_G,CFQ_G
CFDDS,DS1TVB6,425,DS1TOT_G,CFQ_G
CFDDS,DS1TVC,473,DS1TOT_G,CFQ_G
CFDDS,DS1TVD,617,DS1TOT_G,CFQ_G
CFDDS,DS1TVK,337,DS1TOT_G,CFQ_G
CFDDS,DS1TZINC,404,DS1TOT_G,CFQ_G
CFDDS,DS2AN,1237,DS2TOT_G,CFQ_G
CFDDS,DS2ANCNT,1237,DS2TOT_G,CFQ_G
CFDDS,DS2DS,1238,DS2TOT_G,CFQ_G
CFDDS,DS2DSCNT,1238,DS2TOT_G,CFQ_G
CFDDS,DS2TCAFF,0,DS2TOT_G,CFQ_G
CFDDS,DS2TCALC,547,DS2TOT_G,CFQ_G
CFDDS,DS2TCARB,162,DS2TOT_G,CFQ_G
CFDDS,DS2TCHL,55,DS2TOT_G,CFQ_G
CFDDS,DS2TCHOL,167,DS2TOT_G,CFQ_G
CFDDS,DS2TCOPP,384,DS2TOT_G,CFQ_G
CFDDS,DS2TFA,436,DS2TOT_G,CFQ_G
CFDDS,DS2TFDFE,436,DS2TOT_G,CFQ_G
CFDDS,DS2TFIBE,42,DS2TOT_G,CFQ_G
CFDDS,DS2TIODI,318,DS2TOT_G,CFQ_G
CFDDS,DS2TIRON,213,DS2TOT_G,CFQ_G
CFDDS,DS2TKCAL,337,DS2TOT_G,CFQ_G
CFDDS,DS2TLYCO,219,DS2TOT_G,CFQ_G
CFDDS,DS2TLZ,223,DS2TOT_G,CFQ_G
CFDDS,DS2TMAGN,416,DS2TOT_G,CFQ_G
CFDDS,DS2TMFAT,26,DS2TOT_G,CFQ_G
CFDDS,DS2TNIAC,428,DS2TOT_G,CFQ_G
CFDDS,DS2TPFAT,115,DS2TOT_G,CFQ_G
CFDDS,DS2TPHOS,282,DS2TOT_G,CFQ_G
CFDDS,DS2TPOTA,334,DS2TOT_G,CFQ_G
CFDDS,DS2TPROT,63,DS2TOT_G,CFQ_G
CFDDS,DS2TSELE,376,DS2TOT_G,CFQ_G
CFDDS,DS2TSFAT,66,DS2TOT_G,CFQ_G
CFDDS,DS2TSODI,114,DS2TOT_G,CFQ_G
CFDDS,DS2TSUGR,71,DS2TOT_G,CFQ_G
CFDDS,DS2TTFAT,266,DS2TOT_G,CFQ_G
CFDDS,DS2TVB1,422,DS2TOT_G,CFQ_G
CFDDS,DS2TVB12,476,DS2TOT_G,CFQ_G
CFDDS,DS2TVB2,422,DS2TOT_G,CFQ_G
CFDDS,DS2TVB6,434,DS2TOT_G,CFQ_G
CFDDS,DS2TVC,486,DS2TOT_G,CFQ_G
CFDDS,DS2TVD,629,DS2TOT_G,CFQ_G
CFDDS,DS2TVK,348,DS2TOT_G,CFQ_G
CFDDS,DS2TZINC,408,DS2TOT_G,CFQ_G
CFDDS,DSQTCAFF,0,DSQTOT_G,CFQ_G
CFDDS,DSQTCALC,679,DSQTOT_G,CFQ_G
CFDDS,DSQTCARB,166,DSQTOT_G,CFQ_G
CFDDS,DSQTCHL,70,DSQTOT_G,CFQ_G
CFDDS,DSQTCHOL,180,DSQTOT_G,CFQ_G
CFDDS,DSQTCOPP,449,DSQTOT_G,CFQ_G
CFDDS,DSQTFA,508,DSQTOT_G,CFQ_G
CFDDS,DSQTFDFE,508,DSQTOT_G,CFQ_G
CFDDS,DSQTFIBE,26,DSQTOT_G,CFQ_G
CFDDS,DSQTIODI,377,DSQTOT_G,CFQ_G
CFDDS,DSQTIRON,223,DSQTOT_G,CFQ_G
CFDDS,DSQTKCAL,412,DSQTOT_G,CFQ_G
CFDDS,DSQTLYCO,258,DSQTOT_G,CFQ_G
CFDDS,DSQTLZ,267,DSQTOT_G,CFQ_G
CFDDS,DSQTMAGN,495,DSQTOT_G,CFQ_G
CFDDS,DSQTMFAT,29,DSQTOT_G,CFQ_G
CFDDS,DSQTNIAC,494,DSQTOT_G,CFQ_G
CFDDS,DSQTPFAT,128,DSQTOT_G,CFQ_G
CFDDS,DSQTPHOS,327,DSQTOT_G,CFQ_G
CFDDS,DSQTPOTA,370,DSQTOT_G,CFQ_G
CFDDS,DSQTPROT,64,DSQTOT_G,CFQ_G
CFDDS,DSQTSELE,439,DSQTOT_G,CFQ_G
CFDDS,DSQTSFAT,71,DSQTOT_G,CFQ_G
CFDDS,DSQTSODI,128,DSQTOT_G,CFQ_G
CFDDS,DSQTSUGR,154,DSQTOT_G,CFQ_G
CFDDS,DSQTTFAT,271,DSQTOT_G,CFQ_G
CFDDS,DSQTVB1,483,DSQTOT_G,CFQ_G
CFDDS,DSQTVB12,557,DSQTOT_G,CFQ_G
CFDDS,DSQTVB2,485,DSQTOT_G,CFQ_G
CFDDS,DSQTVB6,505,DSQTOT_G,CFQ_G
CFDDS,DSQTVC,562,DSQTOT_G,CFQ_G
CFDDS,DSQTVD,730,DSQTOT_G,CFQ_G
CFDDS,DSQTVK,404,DSQTOT_G,CFQ_G
CFDDS,DSQTZINC,479,DSQTOT_G,CFQ_G
CFDDS,HOQ065,1418,HOQ_G,CFQ_G
CFDDS,LBDB12SI,1309,VITB12_G,CFQ_G
CFDDS,LBXB12,1309,VITB12_G,CFQ_G
CFDDS,LBDHBG,1328,HEPBD_G,CFQ_G
CFDDS,LBDHD,1328,HEPBD_G,CFQ_G
CFDDS,LBXHBC,1328,HEPBD_G,CFQ_G
CFDDS,LBDHCV,1328,HEPC_G,CFQ_G
CFDDS,LBXHCG,22,HEPC_G,CFQ_G
CFDDS,LBXHCR,32,HEPC_G,CFQ_G
CFDDS,LBDHEG,1328,HEPE_G,CFQ_G
CFDDS,LBDHEM,1328,HEPE_G,CFQ_G
CFDDS,LBDRPCR,0,HPVSWR_G,CFQ_G
CFDDS,LBX2DF,593,VOCWB_G,CFQ_G
CFDDS,LBX4CE,581,VOCWB_G,CFQ_G
CFDDS,LBXV06,563,VOCWB_G,CFQ_G
CFDDS,LBXV1A,579,VOCWB_G,CFQ_G
CFDDS,LBXV1D,565,VOCWB_G,CFQ_G
CFDDS,LBXV1E,590,VOCWB_G,CFQ_G
CFDDS,LBXV2A,579,VOCWB_G,CFQ_G
CFDDS,LBXV2C,577,VOCWB_G,CFQ_G
CFDDS,LBXV2E,590,VOCWB_G,CFQ_G
CFDDS,LBXV2T,578,VOCWB_G,CFQ_G
CFDDS,LBXV3B,575,VOCWB_G,CFQ_G
CFDDS,LBXV4C,571,VOCWB_G,CFQ_G
CFDDS,LBXV4E,563,VOCWB_G,CFQ_G
CFDDS,LBXVBZ,562,VOCWB_G,CFQ_G
CFDDS,LBXVCB,590,VOCWB_G,CFQ_G
CFDDS,LBXVCT,569,VOCWB_G,CFQ_G
CFDDS,LBXVDB,573,VOCWB_G,CFQ_G
CFDDS,LBXVDE,585,VOCWB_G,CFQ_G
CFDDS,LBXVDM,581,VOCWB_G,CFQ_G
CFDDS,LBXVDP,571,VOCWB_G,CFQ_G
CFDDS,LBXVDX,592,VOCWB_G,CFQ_G
CFDDS,LBXVEB,558,VOCWB_G,CFQ_G
CFDDS,LBXVFN,549,VOCWB_G,CFQ_G
CFDDS,LBXVHE,585,VOCWB_G,CFQ_G
CFDDS,LBXVIPB,578,VOCWB_G,CFQ_G
CFDDS,LBXVMC,539,VOCWB_G,CFQ_G
CFDDS,LBXVNB,574,VOCWB_G,CFQ_G
CFDDS,LBXVOX,572,VOCWB_G,CFQ_G
CFDDS,LBXVTC,567,VOCWB_G,CFQ_G
CFDDS,LBXVTE,554,VOCWB_G,CFQ_G
CFDDS,LBXVTP,572,VOCWB_G,CFQ_G
CFDDS,LBXVXY,546,VOCWB_G,CFQ_G
CFDDS,LBXALN,667,FAS_G,CFQ_G
CFDDS,LBXAR1,637,FAS_G,CFQ_G
CFDDS,LBXARA,669,FAS_G,CFQ_G
CFDDS,LBXCAP,577,FAS_G,CFQ_G
CFDDS,LBXDA1,661,FAS_G,CFQ_G
CFDDS,LBXDHA,665,FAS_G,CFQ_G
CFDDS,LBXDP3,654,FAS_G,CFQ_G
CFDDS,LBXDP6,645,FAS_G,CFQ_G
CFDDS,LBXDTA,642,FAS_G,CFQ_G
CFDDS,LBXED1,584,FAS_G,CFQ_G
CFDDS,LBXEN1,597,FAS_G,CFQ_G
CFDDS,LBXEPA,669,FAS_G,CFQ_G
CFDDS,LBXET1,562,FAS_G,CFQ_G
CFDDS,LBXGLA,651,FAS_G,CFQ_G
CFDDS,LBXHGL,624,FAS_G,CFQ_G
CFDDS,LBXLAR,652,FAS_G,CFQ_G
CFDDS,LBXLG1,663,FAS_G,CFQ_G
CFDDS,LBXLNA,667,FAS_G,CFQ_G
CFDDS,LBXML1,604,FAS_G,CFQ_G
CFDDS,LBXMR1,669,FAS_G,CFQ_G
CFDDS,LBXMRG,659,FAS_G,CFQ_G
CFDDS,LBXNR1,592,FAS_G,CFQ_G
CFDDS,LBXOL1,667,FAS_G,CFQ_G
CFDDS,LBXPEN,668,FAS_G,CFQ_G
CFDDS,LBXPL1,658,FAS_G,CFQ_G
CFDDS,LBXPM1,669,FAS_G,CFQ_G
CFDDS,LBXSD1,587,FAS_G,CFQ_G
CFDDS,LBXST1,669,FAS_G,CFQ_G
CFDDS,LBXTSA,646,FAS_G,CFQ_G
CFDDS,LBXVC1,659,FAS_G,CFQ_G
CFDDS,LBXBCD,1361,PbCd_G,CFQ_G
CFDDS,LBXBMN,1361,PbCd_G,CFQ_G
CFDDS,LBXBPB,1361,PbCd_G,CFQ_G
CFDDS,LBXBSE,1361,PbCd_G,CFQ_G
CFDDS,LBXTHG,1361,PbCd_G,CFQ_G
CFDDS,LBXBGE,1355,IHgEM_G,CFQ_G
CFDDS,LBXBGM,1355,IHgEM_G,CFQ_G
CFDDS,LBXIHG,1355,IHgEM_G,CFQ_G
CFDDS,LBXCOT,1322,COTNAL_G,CFQ_G
CFDDS,URXNAL,1337,COTNAL_G,CFQ_G
CFDDS,LBXEMA,6,TGEMA_G,CFQ_G
CFDDS,LBXTTG,1306,TGEMA_G,CFQ_G
CFDDS,LBXEPAH,410,PFC_G,CFQ_G
CFDDS,LBXMPAH,410,PFC_G,CFQ_G
CFDDS,LBXPFBS,410,PFC_G,CFQ_G
CFDDS,LBXPFDE,410,PFC_G,CFQ_G
CFDDS,LBXPFDO,410,PFC_G,CFQ_G
CFDDS,LBXPFHP,410,PFC_G,CFQ_G
CFDDS,LBXPFHS,410,PFC_G,CFQ_G
CFDDS,LBXPFNA,410,PFC_G,CFQ_G
CFDDS,LBXPFOA,410,PFC_G,CFQ_G
CFDDS,LBXPFOS,410,PFC_G,CFQ_G
CFDDS,LBXPFSA,410,PFC_G,CFQ_G
CFDDS,LBXPFUA,410,PFC_G,CFQ_G
CFDDS,LBXHA,1328,HEPA_G,CFQ_G
CFDDS,LBXHBS,1328,HEPB_S_G,CFQ_G
CFDDS,LBXHE1,0,HSV_G,CFQ_G
CFDDS,LBXHE2,0,HSV_G,CFQ_G
CFDDS,LBXIGG,0,CMV_G,CFQ_G
CFDDS,LBXIGGA,0,CMV_G,CFQ_G
CFDDS,LBXIGM,0,CMV_G,CFQ_G
CFDDS,LBXNM,485,VOCMWB_G,CFQ_G
CFDDS,LBXVBF,564,VOCMWB_G,CFQ_G
CFDDS,LBXVBM,569,VOCMWB_G,CFQ_G
CFDDS,LBXVCF,550,VOCMWB_G,CFQ_G
CFDDS,LBXVCM,555,VOCMWB_G,CFQ_G
CFDDS,LBXVME,526,VOCMWB_G,CFQ_G
CFDDS,LBXTBN,1343,TB_G,CFQ_G
CFDDS,LBXVD2MS,1334,VID_G,CFQ_G
CFDDS,LBXVD3MS,1334,VID_G,CFQ_G
CFDDS,LBXVE3MS,1302,VID_G,CFQ_G
CFDDS,LBXVIDMS,1334,VID_G,CFQ_G
CFDDS,ORXHPV,782,ORHPV_G,CFQ_G
CFDDS,PA_sedentary_activity_min_per_day,1414,PAQ_G,CFQ_G
CFDDS,PAQ_recreation_moderate_met,1422,PAQ_G,CFQ_G
CFDDS,PAQ_recreation_moderate_week,1422,PAQ_G,CFQ_G
CFDDS,PAQ_recreation_vigorous_met,1422,PAQ_G,CFQ_G
CFDDS,PAQ_recreation_vigorous_week,1422,PAQ_G,CFQ_G
CFDDS,PAQ_total_met,1416,PAQ_G,CFQ_G
CFDDS,PAQ_walk_met,1420,PAQ_G,CFQ_G
CFDDS,PAQ_walk_week,1420,PAQ_G,CFQ_G
CFDDS,PAQ_work_moderate_met,1418,PAQ_G,CFQ_G
CFDDS,PAQ_work_moderate_week,1418,PAQ_G,CFQ_G
CFDDS,PAQ_work_vigorous_met,1420,PAQ_G,CFQ_G
CFDDS,PAQ_work_vigorous_week,1420,PAQ_G,CFQ_G
CFDDS,SMD415,159,SMQFAM_G,CFQ_G
CFDDS,SMD415A,147,SMQFAM_G,CFQ_G
CFDDS,SMQ_current_ever_never,1421,SMQ_G,CFQ_G
CFDDS,SMQ_how_long_since_quit_years,535,SMQ_G,CFQ_G
CFDDS,SMQ710,181,SMQRTU_G,CFQ_G
CFDDS,SMQ720,181,SMQRTU_G,CFQ_G
CFDDS,SMQ725,181,SMQRTU_G,CFQ_G
CFDDS,SMQ740,7,SMQRTU_G,CFQ_G
CFDDS,SMQ770,12,SMQRTU_G,CFQ_G
CFDDS,SMQ800,9,SMQRTU_G,CFQ_G
CFDDS,SMQ817,4,SMQRTU_G,CFQ_G
CFDDS,SMQ830,2,SMQRTU_G,CFQ_G
CFDDS,SMQ840,2,SMQRTU_G,CFQ_G
CFDDS,URX14D,457,PP_G,CFQ_G
CFDDS,URXDCB,457,PP_G,CFQ_G
CFDDS,URX1DC,455,UVOC_G,CFQ_G
CFDDS,URX2DC,455,UVOC_G,CFQ_G
CFDDS,URX2MH,455,UVOC_G,CFQ_G
CFDDS,URX34M,455,UVOC_G,CFQ_G
CFDDS,URXAAM,455,UVOC_G,CFQ_G
CFDDS,URXAMC,455,UVOC_G,CFQ_G
CFDDS,URXATC,455,UVOC_G,CFQ_G
CFDDS,URXBMA,455,UVOC_G,CFQ_G
CFDDS,URXBPM,441,UVOC_G,CFQ_G
CFDDS,URXCEM,455,UVOC_G,CFQ_G
CFDDS,URXCYM,455,UVOC_G,CFQ_G
CFDDS,URXDHB,455,UVOC_G,CFQ_G
CFDDS,URXDPM,455,UVOC_G,CFQ_G
CFDDS,URXGAM,455,UVOC_G,CFQ_G
CFDDS,URXHEM,455,UVOC_G,CFQ_G
CFDDS,URXHP2,455,UVOC_G,CFQ_G
CFDDS,URXHPM,455,UVOC_G,CFQ_G
CFDDS,URXMAD,455,UVOC_G,CFQ_G
CFDDS,URXMB1,455,UVOC_G,CFQ_G
CFDDS,URXMB2,455,UVOC_G,CFQ_G
CFDDS,URXMB3,455,UVOC_G,CFQ_G
CFDDS,URXPHE,455,UVOC_G,CFQ_G
CFDDS,URXPHG,455,UVOC_G,CFQ_G
CFDDS,URXPMA,455,UVOC_G,CFQ_G
CFDDS,URXPMM,455,UVOC_G,CFQ_G
CFDDS,URXTCV,455,UVOC_G,CFQ_G
CFDDS,URXTTC,455,UVOC_G,CFQ_G
CFDDS,URX24D,433,UPHOPM_G,CFQ_G
CFDDS,URX4FP,433,UPHOPM_G,CFQ_G
CFDDS,URXOPM,438,UPHOPM_G,CFQ_G
CFDDS,URXOXY,435,UPHOPM_G,CFQ_G
CFDDS,URXPAR,417,UPHOPM_G,CFQ_G
CFDDS,URXTCC,406,UPHOPM_G,CFQ_G
CFDDS,URXAMU,430,CAFE_G,CFQ_G
CFDDS,URXMU1,431,CAFE_G,CFQ_G
CFDDS,URXMU2,431,CAFE_G,CFQ_G
CFDDS,URXMU3,431,CAFE_G,CFQ_G
CFDDS,URXMU4,431,CAFE_G,CFQ_G
CFDDS,URXMU5,431,CAFE_G,CFQ_G
CFDDS,URXMU6,431,CAFE_G,CFQ_G
CFDDS,URXMU7,431,CAFE_G,CFQ_G
CFDDS,URXMX1,431,CAFE_G,CFQ_G
CFDDS,URXMX2,431,CAFE_G,CFQ_G
CFDDS,URXMX3,431,CAFE_G,CFQ_G
CFDDS,URXMX4,431,CAFE_G,CFQ_G
CFDDS,URXMX5,431,CAFE_G,CFQ_G
CFDDS,URXMX6,431,CAFE_G,CFQ_G
CFDDS,URXMX7,431,CAFE_G,CFQ_G
CFDDS,URXBP3,457,EPH_G,CFQ_G
CFDDS,URXBPH,457,EPH_G,CFQ_G
CFDDS,URXBUP,457,EPH_G,CFQ_G
CFDDS,URXEPB,457,EPH_G,CFQ_G
CFDDS,URXMPB,457,EPH_G,CFQ_G
CFDDS,URXPPB,457,EPH_G,CFQ_G
CFDDS,URXTRS,457,EPH_G,CFQ_G
CFDDS,URXCNP,457,PHTHTE_G,CFQ_G
CFDDS,URXCOP,457,PHTHTE_G,CFQ_G
CFDDS,URXECP,457,PHTHTE_G,CFQ_G
CFDDS,URXMBP,457,PHTHTE_G,CFQ_G
CFDDS,URXMC1,457,PHTHTE_G,CFQ_G
CFDDS,URXMEP,457,PHTHTE_G,CFQ_G
CFDDS,URXMHH,457,PHTHTE_G,CFQ_G
CFDDS,URXMHNC,457,PHTHTE_G,CFQ_G
CFDDS,URXMHP,457,PHTHTE_G,CFQ_G
CFDDS,URXMIB,457,PHTHTE_G,CFQ_G
CFDDS,URXMNM,457,PHTHTE_G,CFQ_G
CFDDS,URXMNP,457,PHTHTE_G,CFQ_G
CFDDS,URXMOH,457,PHTHTE_G,CFQ_G
CFDDS,URXMZP,457,PHTHTE_G,CFQ_G
CFDDS,URXDEA,435,DEET_G,CFQ_G
CFDDS,URXDEE,437,DEET_G,CFQ_G
CFDDS,URXDHD,435,DEET_G,CFQ_G
CFDDS,URXNO3,456,PERNT_G,CFQ_G
CFDDS,URXSCN,456,PERNT_G,CFQ_G
CFDDS,URXUP8,456,PERNT_G,CFQ_G
CFDDS,URXOP1,434,OPD_G,CFQ_G
CFDDS,URXOP2,436,OPD_G,CFQ_G
CFDDS,URXOP3,437,OPD_G,CFQ_G
CFDDS,URXOP4,428,OPD_G,CFQ_G
CFDDS,URXOP5,438,OPD_G,CFQ_G
CFDDS,URXOP6,438,OPD_G,CFQ_G
CFDDS,URXP01,458,PAH_G,CFQ_G
CFDDS,URXP02,458,PAH_G,CFQ_G
CFDDS,URXP03,457,PAH_G,CFQ_G
CFDDS,URXP04,458,PAH_G,CFQ_G
CFDDS,URXP05,457,PAH_G,CFQ_G
CFDDS,URXP06,458,PAH_G,CFQ_G
CFDDS,URXP07,456,PAH_G,CFQ_G
CFDDS,URXP10,458,PAH_G,CFQ_G
CFDDS,URXP17,458,PAH_G,CFQ_G
CFDDS,URXUAB,465,UAS_G,CFQ_G
CFDDS,URXUAC,465,UAS_G,CFQ_G
CFDDS,URXUAS,462,UAS_G,CFQ_G
CFDDS,URXUAS3,465,UAS_G,CFQ_G
CFDDS,URXUAS5,465,UAS_G,CFQ_G
CFDDS,URXUDMA,465,UAS_G,CFQ_G
CFDDS,URXUMMA,465,UAS_G,CFQ_G
CFDDS,URXUTM,465,UAS_G,CFQ_G
CFDDS,URXUBA,462,UHM_G,CFQ_G
CFDDS,URXUCD,462,UHM_G,CFQ_G
CFDDS,URXUCO,462,UHM_G,CFQ_G
CFDDS,URXUCS,462,UHM_G,CFQ_G
CFDDS,URXUMN,462,UHM_G,CFQ_G
CFDDS,URXUMO,462,UHM_G,CFQ_G
CFDDS,URXUPB,462,UHM_G,CFQ_G
CFDDS,URXUSB,462,UHM_G,CFQ_G
CFDDS,URXUSN,462,UHM_G,CFQ_G
CFDDS,URXUSR,461,UHM_G,CFQ_G
CFDDS,URXUTL,462,UHM_G,CFQ_G
CFDDS,URXUTU,459,UHM_G,CFQ_G
CFDDS,URXUCL,0,CHLMDA_G,CFQ_G
CFDDS,URXUHG,464,UHG_G,CFQ_G
CFDDS,DRDTSODI,1255,DRXTOT,CFQ
CFDDS,DRXTALCO,1255,DRXTOT,CFQ
CFDDS,DRXTCAFF,1255,DRXTOT,CFQ
CFDDS,DRXTCALC,1255,DRXTOT,CFQ
CFDDS,DRXTCARB,1255,DRXTOT,CFQ
CFDDS,DRXTCARO,1255,DRXTOT,CFQ
CFDDS,DRXTCHOL,1255,DRXTOT,CFQ
CFDDS,DRXTCOPP,1255,DRXTOT,CFQ
CFDDS,DRXTFIBE,1255,DRXTOT,CFQ
CFDDS,DRXTFOLA,1255,DRXTOT,CFQ
CFDDS,DRXTIRON,1255,DRXTOT,CFQ
CFDDS,DRXTKCAL,1255,DRXTOT,CFQ
CFDDS,DRXTM161,1255,DRXTOT,CFQ
CFDDS,DRXTM181,1255,DRXTOT,CFQ
CFDDS,DRXTM201,1255,DRXTOT,CFQ
CFDDS,DRXTM221,1255,DRXTOT,CFQ
CFDDS,DRXTMAGN,1255,DRXTOT,CFQ
CFDDS,DRXTMFAT,1255,DRXTOT,CFQ
CFDDS,DRXTNIAC,1255,DRXTOT,CFQ
CFDDS,DRXTP182,1255,DRXTOT,CFQ
CFDDS,DRXTP183,1255,DRXTOT,CFQ
CFDDS,DRXTP184,1255,DRXTOT,CFQ
CFDDS,DRXTP204,1255,DRXTOT,CFQ
CFDDS,DRXTP205,1255,DRXTOT,CFQ
CFDDS,DRXTP225,1255,DRXTOT,CFQ
CFDDS,DRXTP226,1255,DRXTOT,CFQ
CFDDS,DRXTPFAT,1255,DRXTOT,CFQ
CFDDS,DRXTPHOS,1255,DRXTOT,CFQ
CFDDS,DRXTPOTA,1255,DRXTOT,CFQ
CFDDS,DRXTPROT,1255,DRXTOT,CFQ
CFDDS,DRXTS040,1255,DRXTOT,CFQ
CFDDS,DRXTS060,1255,DRXTOT,CFQ
CFDDS,DRXTS080,1255,DRXTOT,CFQ
CFDDS,DRXTS100,1255,DRXTOT,CFQ
CFDDS,DRXTS120,1255,DRXTOT,CFQ
CFDDS,DRXTS140,1255,DRXTOT,CFQ
CFDDS,DRXTS160,1255,DRXTOT,CFQ
CFDDS,DRXTS180,1255,DRXTOT,CFQ
CFDDS,DRXTSELE,1255,DRXTOT,CFQ
CFDDS,DRXTSFAT,1255,DRXTOT,CFQ
CFDDS,DRXTTFAT,1255,DRXTOT,CFQ
CFDDS,DRXTTHEO,1255,DRXTOT,CFQ
CFDDS,DRXTVAIU,1255,DRXTOT,CFQ
CFDDS,DRXTVARE,1255,DRXTOT,CFQ
CFDDS,DRXTVB1,1255,DRXTOT,CFQ
CFDDS,DRXTVB12,1255,DRXTOT,CFQ
CFDDS,DRXTVB2,1255,DRXTOT,CFQ
CFDDS,DRXTVB6,1255,DRXTOT,CFQ
CFDDS,DRXTVC,1255,DRXTOT,CFQ
CFDDS,DRXTVE,1255,DRXTOT,CFQ
CFDDS,DRXTWATE,1255,DRXTOT,CFQ
CFDDS,DRXTZINC,1255,DRXTOT,CFQ
CFDDS,HOQ065,1400,HOQ,CFQ
CFDDS,LBDB12SI,1219,LAB06,CFQ
CFDDS,LBXB12,1219,LAB06,CFQ
CFDDS,LBXBCD,1243,LAB06,CFQ
CFDDS,LBXBPB,1243,LAB06,CFQ
CFDDS,LBXCOT,1186,LAB06,CFQ
CFDDS,LBXGTC,1025,LAB06,CFQ
CFDDS,LBXIHG,0,LAB06,CFQ
CFDDS,LBXRPL,961,LAB06,CFQ
CFDDS,LBXRST,757,LAB06,CFQ
CFDDS,LBXTHG,0,LAB06,CFQ
CFDDS,LBXVIA,1209,LAB06,CFQ
CFDDS,LBXVIE,1192,LAB06,CFQ
CFDDS,URXUHG,0,LAB06,CFQ
CFDDS,LBDBHC,379,LAB28POC,CFQ
CFDDS,LBX028,362,LAB28POC,CFQ
CFDDS,LBX052,373,LAB28POC,CFQ
CFDDS,LBX066,376,LAB28POC,CFQ
CFDDS,LBX074,374,LAB28POC,CFQ
CFDDS,LBX099,366,LAB28POC,CFQ
CFDDS,LBX101,378,LAB28POC,CFQ
CFDDS,LBX105,372,LAB28POC,CFQ
CFDDS,LBX118,375,LAB28POC,CFQ
CFDDS,LBX128,378,LAB28POC,CFQ
CFDDS,LBX138,377,LAB28POC,CFQ
CFDDS,LBX146,375,LAB28POC,CFQ
CFDDS,LBX153,377,LAB28POC,CFQ
CFDDS,LBX156,368,LAB28POC,CFQ
CFDDS,LBX157,368,LAB28POC,CFQ
CFDDS,LBX167,366,LAB28POC,CFQ
CFDDS,LBX170,339,LAB28POC,CFQ
CFDDS,LBX172,366,LAB28POC,CFQ
CFDDS,LBX177,362,LAB28POC,CFQ
CFDDS,LBX178,376,LAB28POC,CFQ
CFDDS,LBX180,374,LAB28POC,CFQ
CFDDS,LBX183,375,LAB28POC,CFQ
CFDDS,LBX187,378,LAB28POC,CFQ
CFDDS,LBXD01,377,LAB28POC,CFQ
CFDDS,LBXD03,372,LAB28POC,CFQ
CFDDS,LBXD04,370,LAB28POC,CFQ
CFDDS,LBXD05,375,LAB28POC,CFQ
CFDDS,LBXD07,377,LAB28POC,CFQ
CFDDS,LBXF01,377,LAB28POC,CFQ
CFDDS,LBXF02,379,LAB28POC,CFQ
CFDDS,LBXF03,377,LAB28POC,CFQ
CFDDS,LBXF04,373,LAB28POC,CFQ
CFDDS,LBXF05,376,LAB28POC,CFQ
CFDDS,LBXF06,371,LAB28POC,CFQ
CFDDS,LBXF07,373,LAB28POC,CFQ
CFDDS,LBXF08,328,LAB28POC,CFQ
CFDDS,LBXF10,372,LAB28POC,CFQ
CFDDS,LBXGHC,342,LAB28POC,CFQ
CFDDS,LBXHCB,330,LAB28POC,CFQ
CFDDS,LBXHPE,295,LAB28POC,CFQ
CFDDS,LBXHXC,376,LAB28POC,CFQ
CFDDS,LBXMIR,360,LAB28POC,CFQ
CFDDS,LBXODT,307,LAB28POC,CFQ
CFDDS,LBXOXY,308,LAB28POC,CFQ
CFDDS,LBXPCB,379,LAB28POC,CFQ
CFDDS,LBXPDE,388,LAB28POC,CFQ
CFDDS,LBXPDT,309,LAB28POC,CFQ
CFDDS,LBXTC2,374,LAB28POC,CFQ
CFDDS,LBXTCD,374,LAB28POC,CFQ
CFDDS,LBXTNA,384,LAB28POC,CFQ
CFDDS,LBDHBG,1211,Lab02,CFQ
CFDDS,LBDHCV,1215,Lab02,CFQ
CFDDS,LBDHD,1211,Lab02,CFQ
CFDDS,LBXHBC,1211,Lab02,CFQ
CFDDS,LBXHCR,11,Lab02,CFQ
CFDDS,LBDRUIU,0,LAB19,CFQ
CFDDS,LBXME,0,LAB19,CFQ
CFDDS,LBXVAR,0,LAB19,CFQ
CFDDS,LBXCD4,0,LAB03,CFQ
CFDDS,LBXCD8,0,LAB03,CFQ
CFDDS,LBXHA,1215,L02HPA_a,CFQ
CFDDS,LBXHBS,1209,L02HBS,CFQ
CFDDS,LBXHDT,566,TFA_A,CFQ
CFDDS,LBXOD1,566,TFA_A,CFQ
CFDDS,LBXOD9,559,TFA_A,CFQ
CFDDS,LBXOTT,555,TFA_A,CFQ
CFDDS,LBXHE1,0,lab09,CFQ
CFDDS,LBXHE2,0,lab09,CFQ
CFDDS,LBXLA,0,LAB07,CFQ
CFDDS,LBXTO1,0,LAB17,CFQ
CFDDS,LBXTO3,0,LAB17,CFQ
CFDDS,LBXTO4,0,LAB17,CFQ
CFDDS,LBXTO4IN,0,LAB17,CFQ
CFDDS,LBXTO5,0,LAB17,CFQ
CFDDS,LBXTO5IN,0,LAB17,CFQ
CFDDS,LBXV3A,0,LAB04,CFQ
CFDDS,LBXV4C,0,LAB04,CFQ
CFDDS,LBXVBF,0,LAB04,CFQ
CFDDS,LBXVBM,0,LAB04,CFQ
CFDDS,LBXVBZ,0,LAB04,CFQ
CFDDS,LBXVCF,0,LAB04,CFQ
CFDDS,LBXVCM,0,LAB04,CFQ
CFDDS,LBXVCT,0,LAB04,CFQ
CFDDS,LBXVDB,0,LAB04,CFQ
CFDDS,LBXVEB,0,LAB04,CFQ
CFDDS,LBXVME,0,LAB04,CFQ
CFDDS,LBXVOX,0,LAB04,CFQ
CFDDS,LBXVST,0,LAB04,CFQ
CFDDS,LBXVTC,0,LAB04,CFQ
CFDDS,LBXVTO,0,LAB04,CFQ
CFDDS,LBXVXY,0,LAB04,CFQ
CFDDS,PAQ_home_met,1334,PAQ,CFQ
CFDDS,PAQ_home_week,1334,PAQ,CFQ
CFDDS,PAQ_leisure_met,1343,PAQ,CFQ
CFDDS,PAQ_sedentary_activity_min_per_day,0,PAQ,CFQ
CFDDS,PAQ_strengthening_days,1328,PAQ,CFQ
CFDDS,PAQ_strengthening_met,1328,PAQ,CFQ
CFDDS,PAQ_strengthening_week,1328,PAQ,CFQ
CFDDS,PAQ_total_met,1289,PAQ,CFQ
CFDDS,PAQ_walk_days,1338,PAQ,CFQ
CFDDS,PAQ_walk_days_per_week,1338,PAQ,CFQ
CFDDS,PAQ_walk_met,1338,PAQ,CFQ
CFDDS,PAQ_work_met,1413,PAQ,CFQ
CFDDS,walk_min_per_day,314,PAQ,CFQ
CFDDS,SMD415,221,SMQFAM,CFQ
CFDDS,SMD415A,218,SMQFAM,CFQ
CFDDS,SMD630,0,SMQMEC,CFQ
CFDDS,SMQ670,0,SMQMEC,CFQ
CFDDS,SMQ725,152,SMQMEC,CFQ
CFDDS,SMQ817,5,SMQMEC,CFQ
CFDDS,SMQ840,0,SMQMEC,CFQ
CFDDS,SMQ_current_ever_never,1415,SMQ,CFQ
CFDDS,SMQ_how_long_since_quit_years,575,SMQ,CFQ
CFDDS,URX24D,0,LAB26PP,CFQ
CFDDS,URX25T,0,LAB26PP,CFQ
CFDDS,URX4FP,0,LAB26PP,CFQ
CFDDS,URXCB3,0,LAB26PP,CFQ
CFDDS,URXCCC,0,LAB26PP,CFQ
CFDDS,URXCPM,0,LAB26PP,CFQ
CFDDS,URXDEE,0,LAB26PP,CFQ
CFDDS,URXDIZ,0,LAB26PP,CFQ
CFDDS,URXMAL,0,LAB26PP,CFQ
CFDDS,URXOP1,0,LAB26PP,CFQ
CFDDS,URXOP2,0,LAB26PP,CFQ
CFDDS,URXOP3,0,LAB26PP,CFQ
CFDDS,URXOP4,0,LAB26PP,CFQ
CFDDS,URXOP5,0,LAB26PP,CFQ
CFDDS,URXOP6,0,LAB26PP,CFQ
CFDDS,URXOPM,0,LAB26PP,CFQ
CFDDS,URXPAR,0,LAB26PP,CFQ
CFDDS,URXTCC,0,LAB26PP,CFQ
CFDDS,URXDAZ,414,PHPYPA,CFQ
CFDDS,URXDMA,377,PHPYPA,CFQ
CFDDS,URXEQU,346,PHPYPA,CFQ
CFDDS,URXETD,409,PHPYPA,CFQ
CFDDS,URXETL,414,PHPYPA,CFQ
CFDDS,URXGNS,414,PHPYPA,CFQ
CFDDS,URXMBP,412,PHPYPA,CFQ
CFDDS,URXMCP,412,PHPYPA,CFQ
CFDDS,URXMEP,408,PHPYPA,CFQ
CFDDS,URXMHP,412,PHPYPA,CFQ
CFDDS,URXMNP,412,PHPYPA,CFQ
CFDDS,URXMOP,412,PHPYPA,CFQ
CFDDS,URXMZP,412,PHPYPA,CFQ
CFDDS,URXP09,362,PHPYPA,CFQ
CFDDS,URXUBA,378,LAB06HM,CFQ
CFDDS,URXUBE,430,LAB06HM,CFQ
CFDDS,URXUCO,430,LAB06HM,CFQ
CFDDS,URXUCS,430,LAB06HM,CFQ
CFDDS,URXUMO,382,LAB06HM,CFQ
CFDDS,URXUPB,430,LAB06HM,CFQ
CFDDS,URXUPT,430,LAB06HM,CFQ
CFDDS,URXUSB,392,LAB06HM,CFQ
CFDDS,URXUTL,414,LAB06HM,CFQ
CFDDS,URXUTU,409,LAB06HM,CFQ
CFDDS,URXUCL,0,LAB05,CFQ
CFDDS,URXUGC,0,LAB05,CFQ
CFDDS,DRDTSODI,1340,DRXTOT_B,CFQ_B
CFDDS,DRXTACAR,1340,DRXTOT_B,CFQ_B
CFDDS,DRXTALCO,1340,DRXTOT_B,CFQ_B
CFDDS,DRXTATOC,1340,DRXTOT_B,CFQ_B
CFDDS,DRXTBCAR,1340,DRXTOT_B,CFQ_B
CFDDS,DRXTCAFF,1340,DRXTOT_B,CFQ_B
CFDDS,DRXTCALC,1340,DRXTOT_B,CFQ_B
CFDDS,DRXTCARB,1340,DRXTOT_B,CFQ_B
CFDDS,DRXTCHOL,1340,DRXTOT_B,CFQ_B
CFDDS,DRXTCOPP,1340,DRXTOT_B,CFQ_B
CFDDS,DRXTCRYP,1340,DRXTOT_B,CFQ_B
CFDDS,DRXTFA,1340,DRXTOT_B,CFQ_B
CFDDS,DRXTFDFE,1340,DRXTOT_B,CFQ_B
CFDDS,DRXTFF,1340,DRXTOT_B,CFQ_B
CFDDS,DRXTFIBE,1340,DRXTOT_B,CFQ_B
CFDDS,DRXTFOLA,1340,DRXTOT_B,CFQ_B
CFDDS,DRXTIRON,1340,DRXTOT_B,CFQ_B
CFDDS,DRXTKCAL,1340,DRXTOT_B,CFQ_B
CFDDS,DRXTLYCO,1340,DRXTOT_B,CFQ_B
CFDDS,DRXTLZ,1340,DRXTOT_B,CFQ_B
CFDDS,DRXTM161,1340,DRXTOT_B,CFQ_B
CFDDS,DRXTM181,1340,DRXTOT_B,CFQ_B
CFDDS,DRXTM201,1340,DRXTOT_B,CFQ_B
CFDDS,DRXTM221,1340,DRXTOT_B,CFQ_B
CFDDS,DRXTMAGN,1340,DRXTOT_B,CFQ_B
CFDDS,DRXTMFAT,1340,DRXTOT_B,CFQ_B
CFDDS,DRXTMOIS,1340,DRXTOT_B,CFQ_B
CFDDS,DRXTNIAC,1340,DRXTOT_B,CFQ_B
CFDDS,DRXTNUMF,1340,DRXTOT_B,CFQ_B
CFDDS,DRXTP182,1340,DRXTOT_B,CFQ_B
CFDDS,DRXTP183,1340,DRXTOT_B,CFQ_B
CFDDS,DRXTP184,1340,DRXTOT_B,CFQ_B
CFDDS,DRXTP204,1340,DRXTOT_B,CFQ_B
CFDDS,DRXTP205,1340,DRXTOT_B,CFQ_B
CFDDS,DRXTP225,1340,DRXTOT_B,CFQ_B
CFDDS,DRXTP226,1340,DRXTOT_B,CFQ_B
CFDDS,DRXTPFAT,1340,DRXTOT_B,CFQ_B
CFDDS,DRXTPHOS,1340,DRXTOT_B,CFQ_B
CFDDS,DRXTPOTA,1340,DRXTOT_B,CFQ_B
CFDDS,DRXTPROT,1340,DRXTOT_B,CFQ_B
CFDDS,DRXTRET,1340,DRXTOT_B,CFQ_B
CFDDS,DRXTS040,1340,DRXTOT_B,CFQ_B
CFDDS,DRXTS060,1340,DRXTOT_B,CFQ_B
CFDDS,DRXTS080,1340,DRXTOT_B,CFQ_B
CFDDS,DRXTS100,1340,DRXTOT_B,CFQ_B
CFDDS,DRXTS120,1340,DRXTOT_B,CFQ_B
CFDDS,DRXTS140,1340,DRXTOT_B,CFQ_B
CFDDS,DRXTS160,1340,DRXTOT_B,CFQ_B
CFDDS,DRXTS180,1340,DRXTOT_B,CFQ_B
CFDDS,DRXTSELE,1340,DRXTOT_B,CFQ_B
CFDDS,DRXTSFAT,1340,DRXTOT_B,CFQ_B
CFDDS,DRXTSUGR,1340,DRXTOT_B,CFQ_B
CFDDS,DRXTTFAT,1340,DRXTOT_B,CFQ_B
CFDDS,DRXTTHEO,1340,DRXTOT_B,CFQ_B
CFDDS,DRXTVARA,1340,DRXTOT_B,CFQ_B
CFDDS,DRXTVB1,1340,DRXTOT_B,CFQ_B
CFDDS,DRXTVB12,1340,DRXTOT_B,CFQ_B
CFDDS,DRXTVB2,1340,DRXTOT_B,CFQ_B
CFDDS,DRXTVB6,1340,DRXTOT_B,CFQ_B
CFDDS,DRXTVC,1340,DRXTOT_B,CFQ_B
CFDDS,DRXTVK,1340,DRXTOT_B,CFQ_B
CFDDS,DRXTZINC,1340,DRXTOT_B,CFQ_B
CFDDS,HOQ065,1539,HOQ_B,CFQ_B
CFDDS,LB2ALC,83,VIT_2_B,CFQ_B
CFDDS,LB2BEC,83,VIT_2_B,CFQ_B
CFDDS,LB2CBC,83,VIT_2_B,CFQ_B
CFDDS,LB2CRY,83,VIT_2_B,CFQ_B
CFDDS,LB2GTC,83,VIT_2_B,CFQ_B
CFDDS,LB2LUZ,83,VIT_2_B,CFQ_B
CFDDS,LB2LYC,83,VIT_2_B,CFQ_B
CFDDS,LB2RPL,83,VIT_2_B,CFQ_B
CFDDS,LB2RST,79,VIT_2_B,CFQ_B
CFDDS,LB2VIA,83,VIT_2_B,CFQ_B
CFDDS,LB2VIE,83,VIT_2_B,CFQ_B
CFDDS,LB2B12,84,L06_2_B,CFQ_B
CFDDS,LB2BCD,85,L06_2_B,CFQ_B
CFDDS,LB2BPB,85,L06_2_B,CFQ_B
CFDDS,LB2COT,83,L06_2_B,CFQ_B
CFDDS,LB2THG,0,L06_2_B,CFQ_B
CFDDS,LB2ME,0,L19_2_B,CFQ_B
CFDDS,LB2RU,0,L19_2_B,CFQ_B
CFDDS,LB2VAR,0,L19_2_B,CFQ_B
CFDDS,LB2VID,71,VID_2_B,CFQ_B
CFDDS,LBD199,429,L28POC_B,CFQ_B
CFDDS,LBX052,386,L28POC_B,CFQ_B
CFDDS,LBX066,430,L28POC_B,CFQ_B
CFDDS,LBX074,437,L28POC_B,CFQ_B
CFDDS,LBX087,436,L28POC_B,CFQ_B
CFDDS,LBX099,431,L28POC_B,CFQ_B
CFDDS,LBX101,437,L28POC_B,CFQ_B
CFDDS,LBX105,437,L28POC_B,CFQ_B
CFDDS,LBX110,436,L28POC_B,CFQ_B
CFDDS,LBX118,437,L28POC_B,CFQ_B
CFDDS,LBX128,436,L28POC_B,CFQ_B
CFDDS,LBX138,435,L28POC_B,CFQ_B
CFDDS,LBX146,432,L28POC_B,CFQ_B
CFDDS,LBX149,437,L28POC_B,CFQ_B
CFDDS,LBX151,437,L28POC_B,CFQ_B
CFDDS,LBX153,437,L28POC_B,CFQ_B
CFDDS,LBX156,435,L28POC_B,CFQ_B
CFDDS,LBX157,435,L28POC_B,CFQ_B
CFDDS,LBX167,436,L28POC_B,CFQ_B
CFDDS,LBX170,435,L28POC_B,CFQ_B
CFDDS,LBX172,425,L28POC_B,CFQ_B
CFDDS,LBX177,427,L28POC_B,CFQ_B
CFDDS,LBX178,432,L28POC_B,CFQ_B
CFDDS,LBX180,436,L28POC_B,CFQ_B
CFDDS,LBX183,437,L28POC_B,CFQ_B
CFDDS,LBX187,437,L28POC_B,CFQ_B
CFDDS,LBX189,436,L28POC_B,CFQ_B
CFDDS,LBX194,434,L28POC_B,CFQ_B
CFDDS,LBX195,427,L28POC_B,CFQ_B
CFDDS,LBX196,434,L28POC_B,CFQ_B
CFDDS,LBX206,417,L28POC_B,CFQ_B
CFDDS,LBXALD,426,L28POC_B,CFQ_B
CFDDS,LBXBHC,428,L28POC_B,CFQ_B
CFDDS,LBXD01,361,L28POC_B,CFQ_B
CFDDS,LBXD02,362,L28POC_B,CFQ_B
CFDDS,LBXD03,362,L28POC_B,CFQ_B
CFDDS,LBXD04,361,L28POC_B,CFQ_B
CFDDS,LBXD05,354,L28POC_B,CFQ_B
CFDDS,LBXD07,337,L28POC_B,CFQ_B
CFDDS,LBXDIE,412,L28POC_B,CFQ_B
CFDDS,LBXEND,412,L28POC_B,CFQ_B
CFDDS,LBXF01,358,L28POC_B,CFQ_B
CFDDS,LBXF02,361,L28POC_B,CFQ_B
CFDDS,LBXF03,358,L28POC_B,CFQ_B
CFDDS,LBXF04,357,L28POC_B,CFQ_B
CFDDS,LBXF05,362,L28POC_B,CFQ_B
CFDDS,LBXF06,359,L28POC_B,CFQ_B
CFDDS,LBXF07,361,L28POC_B,CFQ_B
CFDDS,LBXF08,356,L28POC_B,CFQ_B
CFDDS,LBXF09,353,L28POC_B,CFQ_B
CFDDS,LBXF10,352,L28POC_B,CFQ_B
CFDDS,LBXGHC,423,L28POC_B,CFQ_B
CFDDS,LBXHCB,432,L28POC_B,CFQ_B
CFDDS,LBXHPE,423,L28POC_B,CFQ_B
CFDDS,LBXHXC,357,L28POC_B,CFQ_B
CFDDS,LBXMIR,429,L28POC_B,CFQ_B
CFDDS,LBXODT,431,L28POC_B,CFQ_B
CFDDS,LBXOXY,418,L28POC_B,CFQ_B
CFDDS,LBXPCB,357,L28POC_B,CFQ_B
CFDDS,LBXPDE,433,L28POC_B,CFQ_B
CFDDS,LBXPDT,437,L28POC_B,CFQ_B
CFDDS,LBXTC2,356,L28POC_B,CFQ_B
CFDDS,LBXTCD,359,L28POC_B,CFQ_B
CFDDS,LBXTNA,428,L28POC_B,CFQ_B
CFDDS,LBDB12SI,1347,L06_B,CFQ_B
CFDDS,LBXB12,1347,L06_B,CFQ_B
CFDDS,LBXBCD,1364,L06_B,CFQ_B
CFDDS,LBXBPB,1364,L06_B,CFQ_B
CFDDS,LBXCOT,1337,L06_B,CFQ_B
CFDDS,LBXIHG,0,L06_B,CFQ_B
CFDDS,LBXTHG,0,L06_B,CFQ_B
CFDDS,URXUHG,0,L06_B,CFQ_B
CFDDS,LBDHBG,1349,L02_B,CFQ_B
CFDDS,LBDHCV,1349,L02_B,CFQ_B
CFDDS,LBDHD,1349,L02_B,CFQ_B
CFDDS,LBXHBC,1349,L02_B,CFQ_B
CFDDS,LBXHCR,20,L02_B,CFQ_B
CFDDS,LBDRUIU,0,L19_B,CFQ_B
CFDDS,LBXME,0,L19_B,CFQ_B
CFDDS,LBXVAR,0,L19_B,CFQ_B
CFDDS,LBDVIDMS,1335,VID_B,CFQ_B
CFDDS,LBXALC,1344,L06VIT_B,CFQ_B
CFDDS,LBXBEC,1345,L06VIT_B,CFQ_B
CFDDS,LBXCBC,1344,L06VIT_B,CFQ_B
CFDDS,LBXCRY,1341,L06VIT_B,CFQ_B
CFDDS,LBXGTC,1338,L06VIT_B,CFQ_B
CFDDS,LBXLUZ,1344,L06VIT_B,CFQ_B
CFDDS,LBXLYC,1344,L06VIT_B,CFQ_B
CFDDS,LBXRPL,1296,L06VIT_B,CFQ_B
CFDDS,LBXRST,1307,L06VIT_B,CFQ_B
CFDDS,LBXVIA,1346,L06VIT_B,CFQ_B
CFDDS,LBXVIE,1346,L06VIT_B,CFQ_B
CFDDS,LBXBV,0,l34_b,CFQ_B
CFDDS,LBXTV,0,l34_b,CFQ_B
CFDDS,LBXCD4,0,L03_B,CFQ_B
CFDDS,LBXCD8,0,L03_B,CFQ_B
CFDDS,LBXHA,1349,L02HPA_B,CFQ_B
CFDDS,LBXHBS,1349,L02HBS_B,CFQ_B
CFDDS,LBXHE1,0,l09_b,CFQ_B
CFDDS,LBXHE2,0,l09_b,CFQ_B
CFDDS,LBXMS1,1365,L35_B,CFQ_B
CFDDS,LBXSY1,0,L36_B,CFQ_B
CFDDS,LBXTO3,0,L17_B,CFQ_B
CFDDS,LBXTO4,0,L17_B,CFQ_B
CFDDS,LBXTO4IN,0,L17_B,CFQ_B
CFDDS,LBXTO5,0,L17_B,CFQ_B
CFDDS,LBXTO5IN,0,L17_B,CFQ_B
CFDDS,LBXV4C,0,L04VOC_B,CFQ_B
CFDDS,LBXVBF,0,L04VOC_B,CFQ_B
CFDDS,LBXVBM,0,L04VOC_B,CFQ_B
CFDDS,LBXVBZ,0,L04VOC_B,CFQ_B
CFDDS,LBXVCF,0,L04VOC_B,CFQ_B
CFDDS,LBXVCM,0,L04VOC_B,CFQ_B
CFDDS,LBXVCT,0,L04VOC_B,CFQ_B
CFDDS,LBXVDB,0,L04VOC_B,CFQ_B
CFDDS,LBXVEB,0,L04VOC_B,CFQ_B
CFDDS,LBXVME,0,L04VOC_B,CFQ_B
CFDDS,LBXVOX,0,L04VOC_B,CFQ_B
CFDDS,LBXVST,0,L04VOC_B,CFQ_B
CFDDS,LBXVTC,0,L04VOC_B,CFQ_B
CFDDS,LBXVTO,0,L04VOC_B,CFQ_B
CFDDS,LBXVXY,0,L04VOC_B,CFQ_B
CFDDS,LBXVID,1335,L06VID_B,CFQ_B
CFDDS,PAQ_home_met,1459,PAQ_B,CFQ_B
CFDDS,PAQ_home_week,1459,PAQ_B,CFQ_B
CFDDS,PAQ_leisure_met,1462,PAQ_B,CFQ_B
CFDDS,PAQ_sedentary_activity_min_per_day,0,PAQ_B,CFQ_B
CFDDS,PAQ_strengthening_days,1452,PAQ_B,CFQ_B
CFDDS,PAQ_strengthening_met,1452,PAQ_B,CFQ_B
CFDDS,PAQ_strengthening_week,1452,PAQ_B,CFQ_B
CFDDS,PAQ_total_met,1395,PAQ_B,CFQ_B
CFDDS,PAQ_walk_days,1454,PAQ_B,CFQ_B
CFDDS,PAQ_walk_days_per_week,1454,PAQ_B,CFQ_B
CFDDS,PAQ_walk_met,1454,PAQ_B,CFQ_B
CFDDS,PAQ_work_met,1551,PAQ_B,CFQ_B
CFDDS,walk_min_per_day,313,PAQ_B,CFQ_B
CFDDS,SMD415,215,SMQFAM_B,CFQ_B
CFDDS,SMD415A,203,SMQFAM_B,CFQ_B
CFDDS,SMD630,0,SMQMEC_B,CFQ_B
CFDDS,SMQ670,0,SMQMEC_B,CFQ_B
CFDDS,SMQ710,160,SMQMEC_B,CFQ_B
CFDDS,SMQ720,160,SMQMEC_B,CFQ_B
CFDDS,SMQ725,160,SMQMEC_B,CFQ_B
CFDDS,SMQ740,2,SMQMEC_B,CFQ_B
CFDDS,SMQ770,11,SMQMEC_B,CFQ_B
CFDDS,SMQ800,7,SMQMEC_B,CFQ_B
CFDDS,SMQ817,8,SMQMEC_B,CFQ_B
CFDDS,SMQ830,2,SMQMEC_B,CFQ_B
CFDDS,SMQ840,2,SMQMEC_B,CFQ_B
CFDDS,SMQ_current_ever_never,1553,SMQ_B,CFQ_B
CFDDS,SMQ_how_long_since_quit_years,623,SMQ_B,CFQ_B
CFDDS,URX24D,440,l26PP_B,CFQ_B
CFDDS,URX25T,458,l26PP_B,CFQ_B
CFDDS,URX4FP,458,l26PP_B,CFQ_B
CFDDS,URXACE,457,l26PP_B,CFQ_B
CFDDS,URXCB3,458,l26PP_B,CFQ_B
CFDDS,URXCCC,458,l26PP_B,CFQ_B
CFDDS,URXCMH,444,l26PP_B,CFQ_B
CFDDS,URXCPM,452,l26PP_B,CFQ_B
CFDDS,URXDEE,458,l26PP_B,CFQ_B
CFDDS,URXDIZ,458,l26PP_B,CFQ_B
CFDDS,URXDPY,450,l26PP_B,CFQ_B
CFDDS,URXMET,458,l26PP_B,CFQ_B
CFDDS,URXOP1,448,l26PP_B,CFQ_B
CFDDS,URXOP2,448,l26PP_B,CFQ_B
CFDDS,URXOP3,448,l26PP_B,CFQ_B
CFDDS,URXOP4,447,l26PP_B,CFQ_B
CFDDS,URXOP5,447,l26PP_B,CFQ_B
CFDDS,URXOP6,447,l26PP_B,CFQ_B
CFDDS,URXOPM,458,l26PP_B,CFQ_B
CFDDS,URXPAR,448,l26PP_B,CFQ_B
CFDDS,URXTCC,457,l26PP_B,CFQ_B
CFDDS,URXDAZ,464,PHPYPA_B,CFQ_B
CFDDS,URXDMA,464,PHPYPA_B,CFQ_B
CFDDS,URXEQU,464,PHPYPA_B,CFQ_B
CFDDS,URXETD,464,PHPYPA_B,CFQ_B
CFDDS,URXETL,464,PHPYPA_B,CFQ_B
CFDDS,URXGNS,464,PHPYPA_B,CFQ_B
CFDDS,URXMBP,462,PHPYPA_B,CFQ_B
CFDDS,URXMC1,462,PHPYPA_B,CFQ_B
CFDDS,URXMCP,462,PHPYPA_B,CFQ_B
CFDDS,URXMEP,462,PHPYPA_B,CFQ_B
CFDDS,URXMHH,462,PHPYPA_B,CFQ_B
CFDDS,URXMHP,462,PHPYPA_B,CFQ_B
CFDDS,URXMIB,462,PHPYPA_B,CFQ_B
CFDDS,URXMNM,462,PHPYPA_B,CFQ_B
CFDDS,URXMNP,462,PHPYPA_B,CFQ_B
CFDDS,URXMOH,462,PHPYPA_B,CFQ_B
CFDDS,URXMOP,462,PHPYPA_B,CFQ_B
CFDDS,URXMZP,462,PHPYPA_B,CFQ_B
CFDDS,URXP01,459,PHPYPA_B,CFQ_B
CFDDS,URXP02,459,PHPYPA_B,CFQ_B
CFDDS,URXP03,456,PHPYPA_B,CFQ_B
CFDDS,URXP04,456,PHPYPA_B,CFQ_B
CFDDS,URXP05,457,PHPYPA_B,CFQ_B
CFDDS,URXP06,457,PHPYPA_B,CFQ_B
CFDDS,URXP07,457,PHPYPA_B,CFQ_B
CFDDS,URXP09,0,PHPYPA_B,CFQ_B
CFDDS,URXP10,457,PHPYPA_B,CFQ_B
CFDDS,URXUBA,442,L06HM_B,CFQ_B
CFDDS,URXUBE,442,L06HM_B,CFQ_B
CFDDS,URXUCO,442,L06HM_B,CFQ_B
CFDDS,URXUCS,442,L06HM_B,CFQ_B
CFDDS,URXUMO,442,L06HM_B,CFQ_B
CFDDS,URXUPB,442,L06HM_B,CFQ_B
CFDDS,URXUPT,442,L06HM_B,CFQ_B
CFDDS,URXUSB,442,L06HM_B,CFQ_B
CFDDS,URXUTL,440,L06HM_B,CFQ_B
CFDDS,URXUTU,438,L06HM_B,CFQ_B
CFDDS,URXUCL,0,L05_B,CFQ_B
CFDDS,URXUGC,0,L05_B,CFQ_B
